Customer_ID,Gender,Age,City,Occupation,Annual_Income,Credit_Score,Join_Date
C0001,Male,59,Mysuru,Designer,1245000,627,21-02-2021
C0002,Male,49,Ahmedabad,Data Analyst,1186000,613,15-11-2021
C0003,Female,35,Coimbatore,Manager,1304000,704,16-06-2026
C0004,Female,63,Coimbatore,Designer,1149000,691,30-06-2021
C0005,Male,28,Pune,Teacher,665000,578,12-05-2025
C0006,Male,41,Hyderabad,Engineer,1043000,575,18-02-2024
C0007,Female,59,Bengaluru,Data Analyst,1255000,624,18-01-2026
C0008,Male,39,Coimbatore,Student,545000,624,25-05-2023
C0009,Male,43,Kolkata,Sales Executive,740000,693,03-12-2023
C0010,Female,31,Ahmedabad,Consultant,1200000,659,09-10-2022
C0011,Male,31,Jaipur,Software Developer,1091000,625,24-03-2026
C0012,Male,44,Mumbai,Student,420000,630,16-05-2026
C0013,Female,56,Bengaluru,Sales Executive,1065000,653,07-07-2024
C0014,Female,60,Hyderabad,Manager,1563000,624,16-07-2021
C0015,Female,44,Chennai,Designer,885000,587,07-10-2022
C0016,Female,23,Kochi,Student,403000,561,29-08-2023
C0017,Female,42,Coimbatore,Manager,1146000,775,12-09-2021
C0018,Male,22,Bengaluru,Accountant,918000,689,02-01-2023
C0019,Male,44,Chennai,Teacher,757000,615,02-12-2021
C0020,Male,64,Pune,Software Developer,1316000,722,26-04-2025
C0021,Male,50,Delhi,Manager,1629000,664,06-03-2025
C0022,Male,58,Coimbatore,Teacher,890000,697,17-09-2023
C0023,Female,22,Kolkata,Sales Executive,529000,633,19-06-2023
C0024,Male,41,Pune,Designer,978000,624,02-07-2024
C0025,Male,53,Hyderabad,Consultant,1528000,715,29-05-2022
C0026,Male,32,Delhi,Engineer,970000,660,27-09-2025
C0027,Male,42,Chennai,Data Analyst,1026000,674,30-08-2021
C0028,Male,64,Delhi,Software Developer,1494000,692,29-05-2021
C0029,Female,45,Kochi,Manager,1290000,680,30-09-2025
C0030,Male,47,Jaipur,Consultant,1344000,710,15-08-2024
C0031,Male,62,Jaipur,Sales Executive,1139000,779,27-01-2023
C0032,Male,48,Pune,Doctor,1867000,759,17-02-2026
C0033,Male,36,Mysuru,Sales Executive,657000,646,12-09-2022
C0034,Male,35,Pune,Sales Executive,709000,625,29-03-2022
C0035,Male,64,Coimbatore,Teacher,1115000,652,17-11-2024
C0036,Female,23,Hyderabad,Sales Executive,371000,564,31-07-2021
C0037,Male,57,Hyderabad,Teacher,939000,682,30-10-2022
C0038,Female,27,Mumbai,Data Analyst,1232000,622,11-04-2025
C0039,Female,41,Kochi,Manager,1438000,662,17-08-2022
C0040,Male,29,Hyderabad,Teacher,538000,660,07-06-2025
C0041,Male,59,Ahmedabad,Manager,1436000,668,11-05-2021
C0042,Male,38,Kochi,Manager,1180000,643,14-09-2024
C0043,Female,24,Mumbai,Accountant,754000,588,04-09-2022
C0044,Male,45,Jaipur,Teacher,983000,708,13-09-2021
C0045,Male,34,Bengaluru,Accountant,828000,608,11-02-2025
C0046,Male,29,Mumbai,Accountant,717000,613,15-07-2022
C0047,Female,46,Mumbai,Accountant,849000,566,21-04-2026
C0048,Female,22,Mysuru,Business Owner,1240000,667,04-03-2021
C0049,Male,40,Pune,Engineer,932000,636,27-08-2024
C0050,Female,48,Kolkata,Accountant,694000,646,11-02-2022
C0051,Male,27,Delhi,Software Developer,1220000,614,13-03-2023
C0052,Female,64,Mysuru,Manager,1447000,713,03-02-2024
C0053,Male,28,Jaipur,Consultant,1047000,575,29-06-2025
C0054,Female,55,Chennai,Business Owner,1639000,686,04-02-2026
C0055,Male,34,Chennai,Accountant,930000,656,15-01-2021
C0056,Male,37,Mysuru,Designer,875000,651,07-09-2025
C0057,Female,56,Coimbatore,Student,479000,633,16-09-2021
C0058,Female,60,Hyderabad,Sales Executive,884000,684,24-12-2022
C0059,Female,24,Jaipur,Student,180000,670,06-12-2024
C0060,Female,22,Ahmedabad,Software Developer,995000,648,06-07-2024
C0061,Female,26,Coimbatore,Software Developer,1160000,620,06-09-2022
C0062,Male,62,Hyderabad,Accountant,790000,669,07-07-2024
C0063,Male,24,Hyderabad,Data Analyst,851000,634,23-02-2026
C0064,Female,49,Mumbai,Business Owner,1430000,736,22-08-2025
C0065,Male,38,Jaipur,Doctor,1505000,656,05-12-2023
C0066,Male,46,Delhi,Accountant,972000,615,02-06-2026
C0067,Female,64,Hyderabad,Consultant,1348000,681,24-03-2023
C0068,Male,54,Kolkata,Consultant,1242000,590,22-11-2025
C0069,Male,30,Kochi,Accountant,812000,624,27-11-2021
C0070,Female,56,Ahmedabad,Student,802000,629,14-06-2021
C0071,Female,34,Ahmedabad,Doctor,1599000,698,01-05-2024
C0072,Male,51,Hyderabad,Sales Executive,666000,592,25-03-2025
C0073,Female,35,Kolkata,Engineer,885000,609,25-11-2024
C0074,Male,28,Kochi,Designer,857000,699,29-10-2024
C0075,Female,34,Bengaluru,Manager,1222000,667,25-12-2023
C0076,Female,43,Pune,Teacher,754000,680,22-01-2022
C0077,Female,60,Pune,Software Developer,1458000,656,27-02-2025
C0078,Female,41,Pune,Business Owner,1387000,674,23-12-2025
C0079,Male,36,Coimbatore,Software Developer,1317000,682,13-09-2025
C0080,Female,65,Mumbai,Software Developer,1390000,755,09-12-2024
C0081,Female,38,Ahmedabad,Manager,1152000,654,23-12-2025
C0082,Male,44,Chennai,Accountant,712000,632,20-12-2025
C0083,Male,46,Chennai,Manager,1287000,720,20-11-2023
C0084,Male,45,Mumbai,Sales Executive,609000,616,13-07-2024
C0085,Male,65,Hyderabad,Accountant,1156000,676,24-11-2021
C0086,Female,61,Coimbatore,Accountant,1085000,705,24-02-2025
C0087,Male,49,Jaipur,Engineer,1009000,630,25-05-2024
C0088,Female,35,Jaipur,Consultant,1241000,684,16-11-2021
C0089,Male,65,Pune,Doctor,2162000,797,26-04-2026
C0090,Female,21,Mysuru,Designer,743000,682,03-02-2022
C0091,Male,45,Jaipur,Student,185000,623,30-03-2026
C0092,Female,27,Hyderabad,Accountant,912000,640,15-04-2021
C0093,Female,29,Mysuru,Software Developer,1138000,635,27-11-2022
C0094,Male,44,Bengaluru,Sales Executive,963000,608,14-10-2023
C0095,Female,21,Mumbai,Student,381000,689,26-11-2021
C0096,Female,64,Bengaluru,Software Developer,1623000,748,22-10-2022
C0097,Female,28,Ahmedabad,Data Analyst,961000,623,29-06-2025
C0098,Female,44,Jaipur,Student,447000,640,07-12-2023
C0099,Male,31,Kochi,Software Developer,1117000,666,22-08-2022
C0100,Female,37,Coimbatore,Sales Executive,559000,684,01-04-2023
C0101,Female,28,Pune,Doctor,1588000,705,27-05-2026
C0102,Male,55,Mumbai,Engineer,895000,648,03-10-2022
C0103,Male,55,Pune,Student,615000,609,29-11-2025
C0104,Male,53,Jaipur,Teacher,1047000,673,10-11-2021
C0105,Female,25,Coimbatore,Accountant,661000,621,16-03-2024
C0106,Female,62,Delhi,Software Developer,1651000,701,05-06-2026
C0107,Male,59,Jaipur,Engineer,1226000,664,07-04-2022
C0108,Female,61,Mumbai,Manager,1652000,674,27-05-2025
C0109,Male,48,Mysuru,Business Owner,1371000,632,01-05-2022
C0110,Female,27,Chennai,Accountant,789000,667,03-08-2025
C0111,Male,29,Mysuru,Student,326000,620,14-02-2022
C0112,Female,28,Mumbai,Manager,1110000,741,27-01-2021
C0113,Male,32,Kolkata,Software Developer,775000,596,19-11-2023
C0114,Female,54,Mysuru,Teacher,867000,676,28-09-2021
C0115,Male,53,Kochi,Sales Executive,862000,644,17-11-2022
C0116,Female,43,Jaipur,Consultant,1365000,770,16-05-2022
C0117,Female,44,Kolkata,Accountant,1065000,683,30-06-2024
C0118,Female,57,Coimbatore,Data Analyst,1528000,699,20-01-2022
C0119,Male,55,Chennai,Data Analyst,1410000,674,01-03-2021
C0120,Female,64,Hyderabad,Consultant,1451000,648,05-02-2024
C0121,Female,60,Coimbatore,Sales Executive,883000,663,08-08-2021
C0122,Female,42,Hyderabad,Manager,1393000,614,04-01-2025
C0123,Male,47,Kochi,Student,576000,572,10-02-2023
C0124,Female,55,Ahmedabad,Consultant,1605000,734,22-03-2026
C0125,Male,21,Kochi,Software Developer,1298000,592,09-08-2025
C0126,Female,55,Kochi,Doctor,2132000,703,18-07-2022
C0127,Male,57,Kochi,Software Developer,1563000,639,15-05-2025
C0128,Male,34,Kochi,Data Analyst,1071000,641,30-06-2022
C0129,Female,23,Kochi,Sales Executive,662000,645,06-04-2021
C0130,Male,21,Bengaluru,Business Owner,1399000,721,16-09-2023
C0131,Male,25,Chennai,Accountant,632000,690,18-01-2024
C0132,Female,46,Mumbai,Software Developer,1188000,624,08-04-2023
C0133,Male,34,Mysuru,Teacher,566000,610,30-04-2026
C0134,Male,59,Jaipur,Data Analyst,1203000,849,19-08-2021
C0135,Male,47,Kolkata,Software Developer,1098000,649,26-08-2023
C0136,Male,29,Kochi,Manager,1178000,625,02-10-2021
C0137,Female,35,Ahmedabad,Data Analyst,900000,617,03-09-2021
C0138,Male,35,Pune,Manager,1126000,651,21-04-2021
C0139,Male,46,Jaipur,Engineer,1186000,648,22-08-2021
C0140,Female,62,Pune,Software Developer,1466000,670,25-07-2024
C0141,Female,33,Kolkata,Data Analyst,1048000,657,09-02-2025
C0142,Male,52,Kolkata,Accountant,1138000,661,21-02-2022
C0143,Female,59,Jaipur,Manager,1612000,646,09-11-2022
C0144,Female,52,Mysuru,Business Owner,1706000,710,26-02-2024
C0145,Female,24,Ahmedabad,Business Owner,1210000,672,14-06-2024
C0146,Female,50,Bengaluru,Consultant,1543000,707,14-03-2023
C0147,Female,57,Hyderabad,Engineer,1277000,593,11-09-2022
C0148,Female,43,Kolkata,Teacher,786000,650,26-02-2024
C0149,Female,59,Mysuru,Student,833000,556,08-12-2022
C0150,Female,65,Ahmedabad,Manager,1475000,673,01-05-2023
C0151,Female,35,Kolkata,Teacher,913000,680,18-11-2024
C0152,Male,63,Coimbatore,Sales Executive,922000,698,20-04-2022
C0153,Male,49,Delhi,Student,392000,637,17-10-2022
C0154,Male,56,Hyderabad,Data Analyst,1350000,705,30-01-2022
C0155,Male,33,Coimbatore,Manager,1151000,650,21-04-2021
C0156,Male,52,Kolkata,Accountant,1217000,644,31-03-2021
C0157,Female,27,Ahmedabad,Doctor,1472000,802,02-02-2023
C0158,Female,42,Kolkata,Teacher,792000,681,27-07-2024
C0159,Male,48,Pune,Teacher,655000,583,18-09-2024
C0160,Male,22,Jaipur,Manager,1198000,588,01-06-2024
C0161,Female,62,Jaipur,Business Owner,1551000,664,30-01-2024
C0162,Male,65,Mysuru,Student,813000,698,12-05-2021
C0163,Female,26,Kolkata,Manager,1061000,661,03-11-2023
C0164,Male,48,Ahmedabad,Engineer,880000,548,02-04-2022
C0165,Female,48,Pune,Manager,1392000,669,04-01-2025
C0166,Male,64,Bengaluru,Data Analyst,1378000,676,08-04-2021
C0167,Female,64,Bengaluru,Accountant,1224000,559,18-02-2024
C0168,Male,40,Pune,Manager,1467000,682,20-10-2021
C0169,Male,50,Mumbai,Data Analyst,1429000,633,14-01-2026
C0170,Female,31,Ahmedabad,Business Owner,1376000,593,01-10-2025
C0171,Female,48,Bengaluru,Software Developer,1309000,744,22-10-2023
C0172,Male,45,Mumbai,Engineer,919000,603,26-07-2022
C0173,Male,59,Ahmedabad,Teacher,982000,624,07-09-2021
C0174,Female,53,Coimbatore,Teacher,912000,620,14-10-2022
C0175,Female,21,Pune,Designer,676000,637,29-05-2021
C0176,Female,47,Coimbatore,Business Owner,1540000,764,19-11-2024
C0177,Male,33,Kochi,Teacher,781000,589,13-02-2021
C0178,Male,61,Mumbai,Accountant,984000,640,22-03-2026
C0179,Female,23,Mumbai,Engineer,750000,647,18-09-2025
C0180,Male,59,Mysuru,Designer,1091000,621,02-07-2025
C0181,Male,26,Kolkata,Manager,1038000,643,04-12-2023
C0182,Female,28,Chennai,Consultant,889000,676,07-01-2024
C0183,Male,47,Chennai,Software Developer,1144000,629,03-06-2024
C0184,Female,29,Ahmedabad,Doctor,1400000,662,11-06-2021
C0185,Female,57,Coimbatore,Doctor,2029000,692,22-12-2025
C0186,Male,53,Coimbatore,Student,790000,639,10-09-2021
C0187,Male,62,Kolkata,Engineer,1163000,675,12-05-2021
C0188,Female,64,Coimbatore,Data Analyst,1434000,705,11-01-2025
C0189,Female,44,Jaipur,Designer,1033000,744,23-03-2026
C0190,Female,35,Hyderabad,Business Owner,1141000,543,26-03-2026
C0191,Male,52,Kochi,Teacher,893000,642,19-04-2022
C0192,Female,52,Hyderabad,Software Developer,1628000,628,07-08-2025
C0193,Female,44,Mumbai,Designer,1009000,638,07-12-2025
C0194,Female,61,Delhi,Engineer,1253000,709,07-02-2024
C0195,Female,32,Bengaluru,Consultant,1067000,713,07-12-2022
C0196,Male,59,Bengaluru,Consultant,1215000,723,25-11-2023
C0197,Male,22,Kolkata,Data Analyst,956000,708,30-01-2025
C0198,Female,23,Chennai,Manager,1334000,666,10-04-2026
C0199,Male,57,Delhi,Engineer,1136000,725,02-10-2021
C0200,Male,37,Kolkata,Data Analyst,812000,717,06-07-2021
C0201,Male,22,Mumbai,Student,180000,616,07-08-2023
C0202,Female,22,Delhi,Sales Executive,606000,686,31-08-2021
C0203,Male,48,Bengaluru,Manager,1325000,675,21-09-2021
C0204,Male,43,Ahmedabad,Business Owner,1318000,736,21-06-2026
C0205,Female,57,Mumbai,Software Developer,1386000,669,06-06-2022
C0206,Female,52,Kolkata,Engineer,1202000,639,21-08-2023
C0207,Male,53,Mysuru,Software Developer,1169000,614,29-08-2025
C0208,Male,21,Jaipur,Software Developer,974000,646,14-04-2025
C0209,Female,39,Pune,Teacher,658000,640,22-02-2023
C0210,Female,22,Mumbai,Teacher,473000,583,16-01-2024
C0211,Female,64,Mumbai,Teacher,896000,638,19-06-2022
C0212,Female,46,Jaipur,Data Analyst,1265000,646,29-07-2021
C0213,Male,52,Kochi,Business Owner,1447000,631,15-02-2021
C0214,Female,26,Ahmedabad,Student,180000,657,30-01-2025
C0215,Male,52,Jaipur,Data Analyst,1256000,724,13-04-2025
C0216,Male,24,Hyderabad,Designer,787000,690,26-01-2021
C0217,Male,31,Hyderabad,Sales Executive,476000,622,13-07-2024
C0218,Female,37,Mumbai,Software Developer,1077000,658,24-06-2021
C0219,Female,58,Kochi,Student,568000,583,20-03-2025
C0220,Male,44,Bengaluru,Accountant,836000,665,27-08-2024
C0221,Male,25,Kochi,Accountant,783000,651,18-11-2021
C0222,Male,54,Hyderabad,Doctor,1834000,829,22-05-2025
C0223,Male,26,Kochi,Business Owner,1313000,721,04-03-2024
C0224,Male,42,Kochi,Doctor,1588000,702,24-02-2021
C0225,Female,31,Mysuru,Accountant,676000,635,23-06-2026
C0226,Female,36,Ahmedabad,Manager,1346000,719,16-04-2025
C0227,Female,53,Mumbai,Manager,1339000,632,29-05-2025
C0228,Male,29,Coimbatore,Accountant,819000,696,04-04-2025
C0229,Male,26,Mysuru,Consultant,987000,605,25-03-2024
C0230,Female,36,Ahmedabad,Software Developer,1093000,635,16-02-2026
C0231,Female,49,Bengaluru,Software Developer,1488000,599,30-10-2022
C0232,Male,23,Bengaluru,Student,198000,639,27-05-2021
C0233,Female,40,Hyderabad,Teacher,747000,652,17-02-2025
C0234,Female,56,Kolkata,Engineer,1296000,646,22-08-2022
C0235,Female,39,Jaipur,Software Developer,1195000,624,20-01-2021
C0236,Male,46,Chennai,Software Developer,1283000,733,16-07-2024
C0237,Male,23,Mumbai,Designer,693000,632,29-11-2021
C0238,Female,39,Coimbatore,Accountant,662000,602,28-04-2025
C0239,Male,40,Kolkata,Sales Executive,722000,726,26-06-2023
C0240,Female,52,Mysuru,Accountant,886000,619,02-08-2023
C0241,Female,27,Mumbai,Business Owner,1317000,724,30-06-2023
C0242,Male,61,Jaipur,Teacher,1147000,611,05-02-2022
C0243,Male,53,Jaipur,Manager,1219000,651,08-08-2023
C0244,Male,60,Delhi,Software Developer,1585000,710,22-08-2024
C0245,Female,59,Ahmedabad,Sales Executive,859000,645,28-01-2021
C0246,Female,38,Mysuru,Student,390000,632,12-04-2022
C0247,Female,60,Hyderabad,Teacher,861000,623,07-07-2024
C0248,Male,21,Delhi,Designer,723000,568,07-04-2025
C0249,Female,31,Bengaluru,Student,330000,684,09-09-2023
C0250,Female,48,Chennai,Manager,1505000,661,26-03-2026
C0251,Female,45,Mysuru,Software Developer,1151000,676,11-04-2021
C0252,Female,43,Hyderabad,Business Owner,1615000,720,05-07-2022
C0253,Male,51,Bengaluru,Business Owner,1592000,701,13-03-2023
C0254,Male,50,Kochi,Data Analyst,1211000,635,19-12-2021
C0255,Male,62,Ahmedabad,Engineer,1272000,722,16-08-2024
C0256,Female,55,Ahmedabad,Student,573000,655,02-09-2025
C0257,Female,27,Ahmedabad,Software Developer,995000,664,23-10-2021
C0258,Female,36,Delhi,Accountant,802000,652,19-12-2021
C0259,Male,46,Pune,Sales Executive,727000,716,27-06-2023
C0260,Male,22,Coimbatore,Sales Executive,423000,590,28-02-2024
C0261,Male,21,Coimbatore,Data Analyst,921000,669,16-10-2023
C0262,Male,32,Kolkata,Sales Executive,484000,603,25-03-2024
C0263,Male,25,Jaipur,Engineer,889000,562,03-01-2024
C0264,Female,57,Chennai,Engineer,1207000,578,27-09-2024
C0265,Male,52,Jaipur,Manager,1508000,637,28-01-2025
C0266,Male,29,Pune,Teacher,717000,610,19-01-2024
C0267,Male,61,Kochi,Teacher,1101000,758,22-05-2025
C0268,Female,55,Kochi,Accountant,1048000,689,31-03-2022
C0269,Male,39,Kochi,Software Developer,1220000,703,07-11-2025
C0270,Male,36,Hyderabad,Software Developer,1093000,631,13-12-2022
C0271,Male,23,Bengaluru,Business Owner,1281000,673,07-09-2023
C0272,Female,40,Bengaluru,Consultant,1325000,777,17-09-2024
C0273,Female,44,Kochi,Manager,1140000,608,09-01-2023
C0274,Male,53,Chennai,Data Analyst,1281000,691,04-09-2023
C0275,Male,44,Delhi,Doctor,1892000,777,03-10-2024
C0276,Male,31,Chennai,Software Developer,1029000,700,21-08-2021
C0277,Male,28,Chennai,Engineer,817000,726,07-12-2025
C0278,Female,56,Bengaluru,Student,572000,641,10-06-2025
C0279,Male,58,Ahmedabad,Data Analyst,1115000,688,21-10-2023
C0280,Female,60,Chennai,Software Developer,1435000,684,12-04-2021
C0281,Male,40,Chennai,Manager,1284000,695,11-08-2023
C0282,Female,55,Jaipur,Manager,1484000,640,26-04-2022
C0283,Female,45,Ahmedabad,Manager,1390000,712,22-05-2024
C0284,Male,55,Bengaluru,Software Developer,1264000,683,18-04-2021
C0285,Female,45,Delhi,Data Analyst,1173000,667,03-04-2024
C0286,Male,49,Coimbatore,Software Developer,1341000,752,31-08-2023
C0287,Female,38,Kolkata,Software Developer,1097000,648,15-06-2025
C0288,Female,38,Bengaluru,Manager,1306000,726,05-12-2022
C0289,Male,22,Bengaluru,Student,260000,673,01-12-2021
C0290,Male,55,Chennai,Consultant,1334000,712,27-03-2021
C0291,Female,36,Jaipur,Student,416000,579,04-01-2023
C0292,Female,61,Pune,Doctor,1897000,720,25-05-2023
C0293,Male,56,Kochi,Manager,1556000,774,18-12-2024
C0294,Male,53,Mumbai,Teacher,857000,565,25-06-2025
C0295,Male,24,Mysuru,Accountant,495000,619,28-10-2025
C0296,Female,53,Jaipur,Business Owner,1568000,739,30-12-2021
C0297,Male,34,Pune,Software Developer,1136000,657,01-03-2021
C0298,Male,41,Chennai,Teacher,612000,670,14-02-2025
C0299,Female,40,Chennai,Designer,970000,717,27-06-2024
C0300,Male,28,Coimbatore,Data Analyst,1020000,667,14-07-2022
C0301,Male,27,Delhi,Software Developer,920000,674,27-04-2021
C0302,Male,23,Pune,Doctor,1421000,682,29-10-2025
C0303,Male,37,Hyderabad,Student,377000,634,24-05-2023
C0304,Female,53,Coimbatore,Accountant,895000,744,04-07-2023
C0305,Male,32,Kochi,Manager,1261000,666,26-08-2023
C0306,Male,42,Mumbai,Software Developer,1222000,651,26-09-2023
C0307,Male,42,Delhi,Manager,1173000,711,18-04-2025
C0308,Male,50,Jaipur,Teacher,751000,603,13-02-2021
C0309,Male,58,Mysuru,Student,789000,616,24-05-2022
C0310,Male,58,Mysuru,Manager,1680000,665,03-04-2024
C0311,Female,65,Jaipur,Software Developer,1545000,673,23-10-2024
C0312,Female,28,Pune,Engineer,861000,638,24-02-2026
C0313,Female,47,Kochi,Engineer,1061000,690,08-08-2024
C0314,Male,47,Kochi,Teacher,880000,633,29-04-2023
C0315,Male,54,Jaipur,Data Analyst,1257000,702,23-02-2026
C0316,Male,41,Hyderabad,Manager,1099000,699,06-07-2023
C0317,Female,50,Mysuru,Business Owner,1624000,660,17-06-2023
C0318,Male,53,Chennai,Data Analyst,1397000,715,10-03-2023
C0319,Female,48,Kochi,Software Developer,1364000,717,26-05-2023
C0320,Male,53,Pune,Software Developer,1205000,587,27-10-2025
C0321,Male,25,Jaipur,Sales Executive,424000,637,13-10-2021
C0322,Female,39,Chennai,Data Analyst,845000,624,12-05-2024
C0323,Female,24,Ahmedabad,Manager,1292000,730,15-11-2022
C0324,Female,55,Mysuru,Student,567000,608,28-03-2025
C0325,Female,37,Bengaluru,Manager,1524000,624,30-03-2023
C0326,Female,64,Chennai,Sales Executive,1203000,665,01-05-2021
C0327,Female,48,Kochi,Doctor,1668000,651,03-08-2023
C0328,Male,50,Bengaluru,Designer,915000,689,15-11-2025
C0329,Female,49,Kochi,Software Developer,1344000,638,15-08-2025
C0330,Male,26,Pune,Software Developer,801000,643,15-08-2025
C0331,Male,55,Kolkata,Manager,1407000,747,15-10-2023
C0332,Male,61,Coimbatore,Designer,1067000,708,26-04-2024
C0333,Male,57,Chennai,Student,856000,669,26-06-2023
C0334,Male,44,Bengaluru,Engineer,1097000,655,13-01-2021
C0335,Female,49,Pune,Data Analyst,1154000,681,26-08-2022
C0336,Female,51,Kochi,Sales Executive,736000,671,19-07-2021
C0337,Female,55,Chennai,Data Analyst,1367000,631,09-08-2022
C0338,Male,53,Pune,Student,526000,667,27-11-2025
C0339,Female,41,Mysuru,Student,436000,574,19-01-2025
C0340,Male,52,Kochi,Business Owner,1447000,705,24-03-2022
C0341,Male,43,Kolkata,Teacher,584000,582,17-12-2025
C0342,Male,53,Kolkata,Business Owner,1416000,766,07-02-2026
C0343,Male,23,Mumbai,Software Developer,940000,686,21-04-2023
C0344,Female,38,Coimbatore,Sales Executive,624000,564,31-12-2023
C0345,Female,45,Delhi,Business Owner,1414000,678,13-08-2022
C0346,Female,62,Coimbatore,Sales Executive,933000,628,25-12-2025
C0347,Female,51,Pune,Software Developer,1253000,640,28-02-2024
C0348,Female,23,Delhi,Designer,862000,654,08-06-2023
C0349,Male,60,Mumbai,Business Owner,1734000,654,12-02-2021
C0350,Female,44,Hyderabad,Engineer,1062000,693,04-06-2022
C0351,Male,52,Chennai,Engineer,1205000,698,03-11-2023
C0352,Male,42,Mysuru,Consultant,1209000,682,26-12-2022
C0353,Male,43,Kochi,Manager,975000,653,15-09-2022
C0354,Female,22,Jaipur,Student,252000,644,15-09-2023
C0355,Male,47,Delhi,Software Developer,1301000,707,14-03-2023
C0356,Male,62,Delhi,Engineer,1100000,681,19-06-2022
C0357,Female,22,Pune,Business Owner,1260000,610,29-10-2021
C0358,Male,46,Chennai,Teacher,768000,607,25-11-2025
C0359,Male,37,Pune,Business Owner,1385000,664,11-06-2022
C0360,Male,60,Kolkata,Designer,1090000,594,24-07-2025
C0361,Female,53,Mysuru,Designer,1186000,675,16-05-2025
C0362,Male,29,Delhi,Designer,775000,706,13-02-2024
C0363,Male,63,Chennai,Student,826000,702,05-04-2022
C0364,Female,59,Ahmedabad,Teacher,1088000,693,12-04-2023
C0365,Female,49,Hyderabad,Doctor,1654000,724,20-05-2022
C0366,Male,62,Kochi,Accountant,1005000,755,24-08-2024
C0367,Female,46,Mumbai,Student,556000,669,21-07-2023
C0368,Female,55,Hyderabad,Engineer,1166000,706,10-06-2026
C0369,Female,45,Mumbai,Doctor,1711000,629,21-11-2021
C0370,Female,44,Delhi,Engineer,1232000,728,02-08-2022
C0371,Female,33,Hyderabad,Business Owner,1259000,687,31-01-2023
C0372,Female,27,Hyderabad,Sales Executive,408000,619,13-04-2024
C0373,Female,56,Kochi,Student,522000,614,01-05-2023
C0374,Male,65,Jaipur,Software Developer,1742000,671,18-03-2025
C0375,Female,40,Kochi,Designer,859000,704,10-04-2024
C0376,Female,21,Pune,Manager,936000,650,18-08-2023
C0377,Female,28,Jaipur,Engineer,674000,614,17-05-2022
C0378,Male,36,Hyderabad,Data Analyst,957000,618,24-06-2026
C0379,Female,34,Jaipur,Data Analyst,984000,662,30-11-2021
C0380,Female,32,Mysuru,Engineer,1048000,641,11-10-2021
C0381,Male,43,Jaipur,Designer,1018000,630,20-04-2022
C0382,Female,35,Pune,Business Owner,1319000,610,14-12-2023
C0383,Male,48,Chennai,Sales Executive,721000,683,21-01-2025
C0384,Male,54,Delhi,Teacher,939000,645,22-05-2025
C0385,Female,22,Chennai,Software Developer,790000,595,14-12-2024
C0386,Male,52,Delhi,Business Owner,1762000,685,26-06-2025
C0387,Female,43,Chennai,Software Developer,1294000,696,24-09-2022
C0388,Female,42,Chennai,Business Owner,1508000,684,04-12-2022
C0389,Male,45,Mumbai,Sales Executive,611000,642,13-02-2022
C0390,Male,42,Jaipur,Accountant,1008000,657,09-09-2023
C0391,Female,42,Kolkata,Manager,1249000,611,20-08-2024
C0392,Female,62,Pune,Software Developer,1330000,716,13-05-2026
C0393,Male,26,Chennai,Engineer,857000,570,13-07-2022
C0394,Female,35,Hyderabad,Software Developer,1112000,682,10-08-2021
C0395,Female,63,Ahmedabad,Accountant,977000,681,06-04-2025
C0396,Female,57,Mumbai,Engineer,1127000,652,07-06-2021
C0397,Male,53,Ahmedabad,Teacher,769000,658,14-12-2021
C0398,Female,28,Bengaluru,Accountant,570000,619,28-03-2024
C0399,Female,64,Kochi,Teacher,971000,670,08-06-2023
C0400,Female,64,Bengaluru,Software Developer,1301000,716,23-03-2026
C0401,Male,25,Delhi,Data Analyst,817000,609,11-07-2023
C0402,Male,59,Chennai,Sales Executive,1033000,687,12-06-2024
C0403,Male,24,Pune,Manager,1199000,742,24-10-2022
C0404,Female,26,Hyderabad,Business Owner,1086000,672,09-02-2022
C0405,Male,65,Kolkata,Engineer,1445000,657,04-07-2024
C0406,Female,52,Kolkata,Designer,788000,745,08-11-2022
C0407,Male,50,Mumbai,Manager,1691000,697,12-08-2022
C0408,Female,55,Mumbai,Teacher,1066000,669,09-06-2025
C0409,Male,60,Mumbai,Sales Executive,853000,658,12-07-2022
C0410,Female,36,Mumbai,Data Analyst,1078000,679,24-06-2023
C0411,Female,33,Jaipur,Accountant,578000,617,21-04-2026
C0412,Male,62,Chennai,Manager,1551000,694,07-12-2023
C0413,Female,50,Mysuru,Software Developer,1278000,713,21-05-2024
C0414,Male,39,Ahmedabad,Designer,768000,625,24-04-2022
C0415,Male,37,Chennai,Consultant,1138000,644,02-05-2022
C0416,Female,39,Mysuru,Accountant,750000,628,14-05-2025
C0417,Female,48,Chennai,Software Developer,1140000,613,20-07-2022
C0418,Male,46,Bengaluru,Engineer,999000,624,27-09-2024
C0419,Male,57,Pune,Teacher,761000,609,08-06-2022
C0420,Male,46,Hyderabad,Consultant,1405000,677,05-12-2022
C0421,Female,43,Delhi,Data Analyst,1004000,693,07-03-2025
C0422,Male,29,Pune,Accountant,551000,696,27-10-2023
C0423,Female,32,Mumbai,Consultant,1235000,670,01-04-2023
C0424,Female,21,Ahmedabad,Software Developer,1044000,678,13-03-2024
C0425,Male,21,Bengaluru,Manager,1197000,677,08-05-2023
C0426,Male,54,Coimbatore,Engineer,1308000,578,08-07-2024
C0427,Female,52,Jaipur,Designer,1256000,617,08-08-2022
C0428,Female,45,Ahmedabad,Business Owner,1421000,712,17-11-2022
C0429,Female,60,Bengaluru,Software Developer,1245000,707,20-08-2021
C0430,Female,65,Kochi,Teacher,1063000,696,27-09-2021
C0431,Male,21,Coimbatore,Doctor,1420000,670,29-07-2023
C0432,Female,36,Jaipur,Consultant,1067000,569,10-01-2025
C0433,Male,59,Mumbai,Consultant,1470000,635,24-05-2023
C0434,Male,25,Delhi,Manager,1204000,627,30-05-2024
C0435,Male,42,Mumbai,Software Developer,1104000,689,21-02-2021
C0436,Female,49,Ahmedabad,Software Developer,1441000,663,26-04-2021
C0437,Female,23,Mumbai,Engineer,731000,716,22-06-2022
C0438,Male,32,Kochi,Accountant,705000,705,08-05-2025
C0439,Male,46,Mumbai,Sales Executive,798000,719,16-03-2026
C0440,Male,36,Bengaluru,Doctor,1585000,646,25-06-2022
C0441,Male,57,Kolkata,Software Developer,1171000,686,09-11-2023
C0442,Female,42,Coimbatore,Accountant,965000,632,26-03-2023
C0443,Male,49,Mumbai,Student,463000,640,16-11-2024
C0444,Female,34,Kochi,Consultant,1247000,632,02-03-2023
C0445,Female,48,Chennai,Sales Executive,624000,689,11-07-2025
C0446,Female,25,Chennai,Data Analyst,769000,607,10-09-2022
C0447,Female,50,Delhi,Software Developer,1403000,590,23-02-2022
C0448,Male,25,Delhi,Sales Executive,541000,721,05-11-2021
C0449,Female,32,Coimbatore,Manager,1131000,682,29-10-2025
C0450,Male,36,Delhi,Teacher,725000,592,14-05-2023
C0451,Female,46,Pune,Consultant,1188000,658,05-07-2021
C0452,Male,46,Hyderabad,Student,515000,602,18-09-2021
C0453,Male,41,Delhi,Manager,1307000,672,01-04-2025
C0454,Male,59,Mumbai,Manager,1463000,717,20-07-2024
C0455,Male,56,Delhi,Teacher,822000,674,09-06-2021
C0456,Male,53,Hyderabad,Accountant,994000,666,20-05-2023
C0457,Female,50,Pune,Accountant,943000,652,01-02-2023
C0458,Male,57,Hyderabad,Student,578000,680,12-08-2021
C0459,Female,43,Ahmedabad,Student,342000,532,03-07-2024
C0460,Male,30,Delhi,Student,311000,583,29-06-2021
C0461,Female,25,Coimbatore,Engineer,794000,600,20-01-2021
C0462,Female,56,Delhi,Consultant,1298000,717,06-07-2025
C0463,Female,54,Delhi,Consultant,1403000,644,24-09-2022
C0464,Male,51,Ahmedabad,Manager,1605000,630,26-09-2025
C0465,Female,30,Hyderabad,Consultant,1066000,683,31-01-2025
C0466,Male,39,Bengaluru,Student,598000,592,05-07-2025
C0467,Male,52,Mumbai,Business Owner,1778000,682,18-05-2024
C0468,Female,21,Kochi,Business Owner,1086000,767,17-03-2025
C0469,Female,25,Mumbai,Software Developer,1001000,690,27-02-2021
C0470,Male,65,Delhi,Teacher,1282000,661,22-01-2024
C0471,Male,24,Pune,Manager,1085000,654,29-05-2024
C0472,Male,36,Ahmedabad,Student,386000,662,24-12-2022
C0473,Male,44,Coimbatore,Software Developer,1028000,686,18-05-2026
C0474,Male,36,Bengaluru,Software Developer,1068000,662,09-06-2024
C0475,Male,22,Jaipur,Manager,1167000,669,03-12-2025
C0476,Female,48,Bengaluru,Engineer,1418000,611,19-10-2024
C0477,Male,52,Kochi,Software Developer,1300000,595,07-09-2022
C0478,Male,47,Mumbai,Engineer,914000,642,16-07-2022
C0479,Female,40,Delhi,Software Developer,1011000,627,09-01-2022
C0480,Female,44,Kolkata,Software Developer,1224000,694,14-09-2022
C0481,Female,32,Jaipur,Teacher,775000,651,19-01-2025
C0482,Male,55,Delhi,Doctor,1936000,672,29-03-2021
C0483,Female,53,Ahmedabad,Sales Executive,891000,656,10-11-2023
C0484,Female,53,Jaipur,Business Owner,1693000,674,11-10-2023
C0485,Male,63,Kochi,Consultant,1420000,771,14-01-2021
C0486,Male,57,Kolkata,Software Developer,1386000,694,13-05-2021
C0487,Male,32,Hyderabad,Software Developer,1022000,586,15-05-2026
C0488,Male,23,Hyderabad,Consultant,1017000,738,06-01-2026
C0489,Female,21,Hyderabad,Engineer,729000,612,24-11-2023
C0490,Male,53,Pune,Business Owner,1495000,638,11-06-2023
C0491,Female,60,Hyderabad,Accountant,1067000,755,16-05-2024
C0492,Male,30,Chennai,Manager,1115000,677,11-01-2026
C0493,Female,63,Jaipur,Engineer,1287000,702,07-05-2024
C0494,Male,64,Coimbatore,Teacher,1067000,692,15-08-2022
C0495,Male,49,Kolkata,Manager,1537000,675,06-08-2022
C0496,Male,33,Ahmedabad,Software Developer,1253000,643,24-03-2024
C0497,Female,32,Chennai,Manager,1275000,652,02-06-2025
C0498,Female,51,Chennai,Consultant,1211000,739,07-01-2024
C0499,Female,22,Mysuru,Designer,657000,645,10-04-2024
C0500,Male,55,Kolkata,Software Developer,1327000,732,16-10-2021
C0501,Female,43,Mysuru,Student,387000,618,18-04-2025
C0502,Male,37,Coimbatore,Accountant,835000,612,10-01-2026
C0503,Male,46,Ahmedabad,Teacher,611000,569,17-12-2025
C0504,Male,28,Jaipur,Software Developer,1239000,697,10-10-2023
C0505,Female,49,Mumbai,Consultant,1481000,758,29-05-2023
C0506,Male,46,Delhi,Data Analyst,1209000,627,14-12-2024
C0507,Female,30,Coimbatore,Teacher,603000,656,07-01-2021
C0508,Male,46,Coimbatore,Engineer,1249000,607,29-03-2024
C0509,Male,54,Mumbai,Student,681000,612,28-08-2021
C0510,Male,61,Kochi,Consultant,1615000,701,10-06-2026
C0511,Female,27,Kolkata,Consultant,1067000,581,17-12-2024
C0512,Female,24,Coimbatore,Data Analyst,1115000,661,20-06-2022
C0513,Male,65,Mumbai,Software Developer,1620000,651,16-10-2025
C0514,Female,31,Coimbatore,Manager,1233000,695,11-03-2021
C0515,Female,49,Mumbai,Business Owner,1639000,683,19-03-2026
C0516,Male,56,Mumbai,Software Developer,1322000,715,04-08-2021
C0517,Male,45,Coimbatore,Manager,1200000,653,02-02-2024
C0518,Female,41,Hyderabad,Designer,931000,590,17-10-2025
C0519,Male,56,Bengaluru,Consultant,1415000,611,14-12-2023
C0520,Male,30,Mumbai,Consultant,1086000,574,17-03-2023
C0521,Female,57,Delhi,Designer,1230000,696,26-11-2021
C0522,Female,29,Kolkata,Software Developer,1068000,774,28-04-2023
C0523,Male,44,Kochi,Accountant,910000,670,11-05-2024
C0524,Female,55,Bengaluru,Designer,1021000,731,04-08-2024
C0525,Female,55,Pune,Software Developer,1466000,732,14-02-2021
C0526,Male,56,Delhi,Consultant,1506000,660,09-04-2023
C0527,Male,38,Delhi,Accountant,911000,707,17-07-2021
C0528,Male,59,Hyderabad,Accountant,998000,633,24-05-2024
C0529,Male,52,Hyderabad,Manager,1580000,666,13-02-2025
C0530,Female,44,Kolkata,Sales Executive,949000,643,25-08-2024
C0531,Female,43,Delhi,Student,567000,624,15-06-2023
C0532,Male,52,Ahmedabad,Engineer,1077000,689,29-12-2024
C0533,Male,57,Ahmedabad,Sales Executive,788000,613,28-11-2021
C0534,Male,32,Mysuru,Software Developer,1039000,697,27-11-2022
C0535,Male,33,Kolkata,Teacher,578000,671,27-01-2021
C0536,Female,43,Mumbai,Business Owner,1407000,693,04-04-2024
C0537,Female,45,Chennai,Business Owner,1516000,771,14-11-2021
C0538,Male,55,Pune,Doctor,1895000,762,21-07-2024
C0539,Male,61,Coimbatore,Sales Executive,956000,701,07-11-2024
C0540,Female,50,Kochi,Consultant,1321000,676,31-12-2021
C0541,Female,37,Hyderabad,Manager,1235000,684,01-02-2024
C0542,Female,40,Kochi,Engineer,1126000,686,18-08-2023
C0543,Female,45,Chennai,Sales Executive,499000,628,07-03-2025
C0544,Male,42,Jaipur,Sales Executive,703000,622,12-02-2026
C0545,Female,33,Mysuru,Student,381000,520,08-01-2022
C0546,Female,39,Kolkata,Engineer,1112000,693,28-06-2025
C0547,Female,56,Mumbai,Engineer,1101000,707,04-05-2026
C0548,Male,32,Mysuru,Software Developer,956000,600,02-09-2021
C0549,Male,61,Bengaluru,Software Developer,1502000,710,15-01-2026
C0550,Female,39,Mumbai,Doctor,1439000,653,07-04-2024
C0551,Female,32,Delhi,Sales Executive,744000,624,10-07-2025
C0552,Male,29,Mysuru,Business Owner,1275000,729,04-08-2025
C0553,Male,27,Mumbai,Engineer,1061000,614,12-12-2024
C0554,Female,48,Mysuru,Data Analyst,1046000,613,11-10-2024
C0555,Male,34,Delhi,Engineer,906000,731,23-04-2022
C0556,Female,51,Kochi,Engineer,873000,641,05-05-2021
C0557,Male,39,Mysuru,Data Analyst,973000,710,21-06-2022
C0558,Female,36,Mysuru,Data Analyst,1010000,584,07-12-2022
C0559,Female,25,Coimbatore,Student,180000,542,04-04-2026
C0560,Male,55,Coimbatore,Designer,1013000,615,24-06-2025
C0561,Female,32,Jaipur,Teacher,396000,600,26-11-2024
C0562,Male,45,Hyderabad,Doctor,1709000,631,21-03-2025
C0563,Male,41,Coimbatore,Student,580000,649,15-06-2022
C0564,Male,56,Jaipur,Data Analyst,1268000,689,02-09-2025
C0565,Female,43,Mysuru,Software Developer,1415000,637,25-02-2023
C0566,Female,36,Delhi,Sales Executive,726000,603,11-09-2021
C0567,Female,59,Coimbatore,Engineer,1420000,647,01-05-2021
C0568,Male,65,Bengaluru,Manager,1488000,629,22-11-2023
C0569,Female,62,Mysuru,Accountant,999000,525,23-10-2022
C0570,Female,59,Chennai,Teacher,999000,651,07-12-2025
C0571,Female,34,Kochi,Teacher,469000,606,27-11-2023
C0572,Female,51,Kochi,Student,619000,619,09-09-2025
C0573,Male,25,Mumbai,Engineer,811000,599,27-09-2024
C0574,Female,55,Hyderabad,Data Analyst,1420000,715,03-11-2023
C0575,Male,43,Mumbai,Consultant,1348000,783,21-04-2024
C0576,Male,49,Mumbai,Accountant,1070000,621,08-08-2025
C0577,Male,63,Delhi,Software Developer,1365000,738,12-07-2024
C0578,Male,31,Chennai,Sales Executive,698000,655,29-03-2021
C0579,Female,38,Hyderabad,Doctor,1829000,702,18-05-2026
C0580,Female,32,Mumbai,Student,329000,603,25-01-2025
C0581,Female,29,Mysuru,Student,209000,608,15-02-2021
C0582,Male,30,Kochi,Manager,1073000,711,16-11-2024
C0583,Female,64,Mumbai,Business Owner,1817000,649,17-02-2024
C0584,Male,37,Pune,Designer,1166000,652,22-07-2023
C0585,Female,58,Kolkata,Software Developer,1278000,726,04-04-2025
C0586,Female,27,Coimbatore,Consultant,947000,696,10-01-2025
C0587,Female,33,Kochi,Software Developer,1207000,616,22-10-2025
C0588,Male,60,Pune,Teacher,880000,640,20-05-2026
C0589,Female,62,Kolkata,Data Analyst,1466000,713,15-01-2023
C0590,Male,29,Bengaluru,Designer,804000,674,18-06-2025
C0591,Male,47,Pune,Designer,961000,697,25-08-2023
C0592,Male,22,Mysuru,Software Developer,1053000,675,02-02-2023
C0593,Female,25,Delhi,Engineer,896000,674,01-02-2023
C0594,Female,49,Bengaluru,Consultant,1316000,688,05-03-2023
C0595,Male,57,Ahmedabad,Doctor,1673000,763,14-01-2023
C0596,Male,58,Hyderabad,Engineer,1267000,651,06-12-2023
C0597,Male,39,Kochi,Manager,1457000,682,25-03-2026
C0598,Male,28,Ahmedabad,Accountant,493000,581,12-03-2025
C0599,Male,65,Kochi,Designer,1064000,604,12-07-2022
C0600,Female,21,Mysuru,Software Developer,1051000,672,18-06-2026
C0601,Female,42,Hyderabad,Doctor,1709000,661,10-06-2022
C0602,Female,37,Hyderabad,Accountant,843000,644,20-08-2022
C0603,Male,27,Coimbatore,Student,190000,683,29-01-2026
C0604,Male,45,Kochi,Accountant,1029000,727,20-04-2023
C0605,Female,65,Hyderabad,Manager,1586000,787,03-01-2021
C0606,Female,24,Pune,Software Developer,1084000,733,18-11-2023
C0607,Male,56,Jaipur,Student,660000,744,05-11-2024
C0608,Male,26,Chennai,Doctor,1533000,704,06-06-2021
C0609,Male,51,Coimbatore,Software Developer,1387000,636,05-05-2023
C0610,Female,39,Kochi,Manager,1290000,626,22-04-2026
C0611,Male,64,Ahmedabad,Software Developer,1325000,736,09-05-2026
C0612,Male,59,Ahmedabad,Engineer,1388000,679,26-05-2022
C0613,Male,47,Hyderabad,Sales Executive,862000,653,18-09-2024
C0614,Female,30,Mysuru,Business Owner,1007000,631,11-02-2026
C0615,Male,46,Kochi,Consultant,1223000,648,18-11-2022
C0616,Female,39,Jaipur,Data Analyst,1193000,683,12-02-2024
C0617,Male,59,Jaipur,Student,439000,577,13-11-2024
C0618,Male,23,Chennai,Software Developer,1113000,673,19-02-2025
C0619,Female,65,Pune,Teacher,1013000,724,10-02-2026
C0620,Male,33,Chennai,Designer,957000,557,27-06-2024
C0621,Female,48,Delhi,Student,526000,560,25-07-2022
C0622,Male,40,Mysuru,Business Owner,1293000,702,16-12-2022
C0623,Female,48,Ahmedabad,Teacher,863000,709,31-08-2024
C0624,Male,28,Jaipur,Sales Executive,532000,607,27-08-2021
C0625,Female,61,Hyderabad,Accountant,985000,564,11-06-2024
C0626,Female,59,Jaipur,Consultant,1724000,759,30-10-2021
C0627,Male,21,Jaipur,Consultant,933000,615,30-08-2022
C0628,Female,23,Kolkata,Engineer,581000,616,18-09-2023
C0629,Male,33,Ahmedabad,Software Developer,1286000,685,04-08-2025
C0630,Female,48,Delhi,Manager,1306000,642,30-11-2021
C0631,Male,45,Chennai,Software Developer,1204000,627,23-04-2021
C0632,Male,53,Delhi,Data Analyst,1193000,627,03-07-2025
C0633,Male,58,Kolkata,Designer,1028000,740,28-12-2021
C0634,Male,26,Pune,Accountant,570000,684,24-02-2026
C0635,Female,64,Mysuru,Consultant,1398000,703,12-03-2023
C0636,Male,65,Delhi,Accountant,1138000,564,07-04-2021
C0637,Male,52,Jaipur,Accountant,926000,677,05-06-2026
C0638,Male,65,Coimbatore,Engineer,1418000,702,14-02-2026
C0639,Male,41,Bengaluru,Teacher,800000,586,16-01-2021
C0640,Male,36,Kochi,Data Analyst,921000,662,10-07-2022
C0641,Female,41,Delhi,Doctor,1705000,741,01-06-2026
C0642,Male,31,Mysuru,Student,272000,641,11-01-2022
C0643,Female,57,Kochi,Teacher,815000,614,12-01-2023
C0644,Female,56,Mysuru,Business Owner,1655000,692,25-01-2022
C0645,Male,55,Kolkata,Doctor,1845000,734,12-09-2022
C0646,Male,39,Delhi,Engineer,969000,656,25-05-2024
C0647,Female,40,Delhi,Business Owner,1277000,727,23-11-2024
C0648,Female,38,Mumbai,Software Developer,1033000,675,07-07-2024
C0649,Female,61,Jaipur,Software Developer,1671000,726,04-04-2023
C0650,Male,34,Mysuru,Engineer,998000,692,16-11-2021
C0651,Female,35,Hyderabad,Teacher,539000,582,15-07-2021
C0652,Female,51,Kochi,Consultant,1397000,679,10-02-2025
C0653,Male,21,Pune,Data Analyst,1027000,642,22-02-2022
C0654,Female,23,Mumbai,Teacher,570000,678,07-02-2025
C0655,Male,36,Jaipur,Manager,1397000,698,30-08-2022
C0656,Female,43,Kolkata,Software Developer,1031000,648,22-07-2022
C0657,Male,31,Kochi,Sales Executive,333000,561,28-06-2022
C0658,Female,32,Chennai,Accountant,765000,570,19-08-2021
C0659,Male,30,Kolkata,Business Owner,1293000,685,03-06-2023
C0660,Male,52,Hyderabad,Accountant,573000,599,05-06-2022
C0661,Female,36,Kochi,Software Developer,1057000,688,04-12-2022
C0662,Male,28,Kolkata,Manager,1015000,582,12-03-2026
C0663,Female,58,Mumbai,Teacher,779000,715,08-05-2024
C0664,Male,32,Kolkata,Sales Executive,463000,655,26-04-2023
C0665,Male,44,Hyderabad,Software Developer,1299000,676,04-11-2022
C0666,Male,48,Hyderabad,Business Owner,1354000,750,11-06-2025
C0667,Male,28,Bengaluru,Accountant,568000,674,21-01-2021
C0668,Male,48,Coimbatore,Engineer,932000,630,27-08-2024
C0669,Male,56,Delhi,Teacher,1074000,663,11-08-2022
C0670,Male,46,Chennai,Consultant,1354000,586,31-05-2026
C0671,Female,28,Chennai,Student,180000,658,17-06-2023
C0672,Female,48,Mumbai,Teacher,708000,626,04-08-2025
C0673,Male,48,Hyderabad,Student,589000,543,20-07-2025
C0674,Male,57,Bengaluru,Designer,1238000,615,22-11-2025
C0675,Male,61,Jaipur,Sales Executive,1033000,696,08-04-2026
C0676,Female,56,Bengaluru,Software Developer,1329000,746,08-06-2025
C0677,Male,47,Pune,Consultant,1082000,660,28-12-2024
C0678,Female,37,Kolkata,Teacher,798000,600,06-01-2022
C0679,Male,29,Delhi,Designer,712000,575,03-05-2025
C0680,Male,53,Coimbatore,Business Owner,1544000,749,30-03-2026
C0681,Male,40,Bengaluru,Software Developer,1159000,684,19-03-2021
C0682,Male,33,Kolkata,Consultant,983000,639,15-04-2025
C0683,Male,48,Delhi,Teacher,870000,622,01-08-2024
C0684,Female,49,Kochi,Designer,1015000,686,10-10-2022
C0685,Male,33,Coimbatore,Designer,745000,670,20-05-2021
C0686,Female,55,Coimbatore,Manager,1517000,643,07-07-2022
C0687,Female,26,Pune,Software Developer,847000,595,25-09-2023
C0688,Male,38,Coimbatore,Manager,1224000,618,09-10-2021
C0689,Male,25,Pune,Engineer,853000,626,05-05-2025
C0690,Male,45,Coimbatore,Engineer,882000,617,05-07-2024
C0691,Female,22,Hyderabad,Student,243000,686,21-01-2026
C0692,Female,30,Coimbatore,Software Developer,1148000,640,15-10-2024
C0693,Female,50,Mysuru,Teacher,814000,589,16-03-2022
C0694,Male,65,Pune,Designer,1176000,611,27-09-2021
C0695,Female,25,Mysuru,Teacher,617000,626,03-03-2024
C0696,Female,53,Kochi,Data Analyst,1189000,583,16-01-2023
C0697,Female,21,Hyderabad,Sales Executive,464000,623,22-07-2025
C0698,Male,38,Ahmedabad,Software Developer,1015000,596,14-04-2021
C0699,Female,52,Jaipur,Consultant,1372000,728,05-02-2023
C0700,Female,31,Mumbai,Designer,732000,646,05-04-2021
C0701,Male,41,Kolkata,Sales Executive,752000,737,16-02-2026
C0702,Male,46,Jaipur,Manager,1420000,668,30-12-2022
C0703,Male,45,Jaipur,Teacher,885000,520,16-05-2025
C0704,Female,42,Coimbatore,Data Analyst,1043000,723,25-04-2022
C0705,Female,47,Chennai,Student,253000,637,19-02-2023
C0706,Female,33,Bengaluru,Sales Executive,685000,667,18-06-2024
C0707,Male,53,Pune,Accountant,1038000,612,13-01-2021
C0708,Female,54,Ahmedabad,Data Analyst,1172000,663,16-03-2024
C0709,Male,61,Bengaluru,Software Developer,1499000,691,18-05-2026
C0710,Male,55,Mumbai,Engineer,1036000,646,11-11-2025
C0711,Female,21,Bengaluru,Consultant,1174000,587,24-08-2022
C0712,Female,41,Chennai,Doctor,1652000,815,05-04-2021
C0713,Female,26,Mumbai,Sales Executive,413000,660,25-01-2026
C0714,Male,48,Kochi,Consultant,1251000,688,20-10-2021
C0715,Male,37,Kochi,Software Developer,1116000,721,25-01-2021
C0716,Female,25,Hyderabad,Manager,1099000,689,19-07-2024
C0717,Male,51,Bengaluru,Doctor,1818000,670,09-03-2025
C0718,Female,25,Kolkata,Accountant,598000,689,04-04-2024
C0719,Female,58,Ahmedabad,Consultant,1470000,719,28-07-2023
C0720,Female,23,Chennai,Student,251000,585,01-02-2023
C0721,Male,43,Mumbai,Student,388000,657,16-01-2024
C0722,Male,57,Ahmedabad,Data Analyst,1188000,655,16-10-2022
C0723,Female,57,Bengaluru,Engineer,1307000,681,28-07-2025
C0724,Female,30,Kolkata,Consultant,1173000,691,12-09-2023
C0725,Male,30,Bengaluru,Software Developer,1067000,720,20-12-2025
C0726,Female,39,Coimbatore,Teacher,829000,617,30-09-2022
C0727,Male,37,Pune,Engineer,759000,658,26-01-2026
C0728,Female,41,Pune,Manager,1224000,758,06-05-2022
C0729,Male,34,Chennai,Software Developer,969000,645,16-04-2026
C0730,Female,29,Mumbai,Manager,1419000,687,10-03-2024
C0731,Male,21,Mumbai,Designer,786000,734,07-03-2026
C0732,Female,65,Jaipur,Engineer,1321000,701,01-02-2024
C0733,Male,33,Chennai,Engineer,1040000,591,03-06-2024
C0734,Male,24,Chennai,Teacher,684000,602,10-04-2026
C0735,Male,21,Kolkata,Sales Executive,633000,666,29-07-2022
C0736,Male,60,Pune,Software Developer,1531000,703,21-10-2021
C0737,Female,52,Mumbai,Teacher,842000,654,15-06-2023
C0738,Male,54,Mysuru,Engineer,1138000,760,22-08-2024
C0739,Male,48,Bengaluru,Consultant,1211000,639,01-07-2024
C0740,Female,51,Chennai,Doctor,1872000,700,18-04-2024
C0741,Male,28,Hyderabad,Consultant,1067000,570,09-02-2021
C0742,Female,59,Coimbatore,Sales Executive,858000,699,15-02-2023
C0743,Male,46,Delhi,Data Analyst,1096000,624,21-09-2025
C0744,Male,54,Mumbai,Student,772000,690,04-06-2022
C0745,Male,23,Kochi,Engineer,964000,696,28-06-2025
C0746,Male,32,Mumbai,Sales Executive,804000,750,27-10-2025
C0747,Male,21,Hyderabad,Manager,1163000,693,30-06-2022
C0748,Male,64,Mumbai,Sales Executive,975000,638,24-08-2021
C0749,Female,25,Hyderabad,Engineer,847000,667,08-04-2022
C0750,Female,50,Delhi,Software Developer,1178000,631,05-06-2024
C0751,Male,50,Jaipur,Teacher,699000,653,20-09-2025
C0752,Male,37,Kolkata,Teacher,755000,632,23-01-2026
C0753,Female,43,Mysuru,Software Developer,1104000,658,28-04-2022
C0754,Female,35,Coimbatore,Teacher,695000,598,06-03-2022
C0755,Male,57,Delhi,Software Developer,1518000,697,12-11-2023
C0756,Male,41,Ahmedabad,Doctor,1612000,726,09-12-2021
C0757,Male,34,Jaipur,Student,599000,559,30-11-2023
C0758,Male,22,Kolkata,Business Owner,1081000,628,11-04-2024
C0759,Male,31,Pune,Engineer,1041000,665,02-01-2025
C0760,Male,59,Hyderabad,Doctor,1959000,602,17-04-2024
C0761,Female,58,Chennai,Engineer,1389000,755,10-06-2025
C0762,Male,54,Ahmedabad,Designer,914000,618,13-05-2021
C0763,Male,58,Delhi,Software Developer,1673000,650,17-12-2021
C0764,Female,54,Mumbai,Consultant,1377000,666,29-03-2025
C0765,Female,38,Delhi,Designer,937000,658,13-04-2025
C0766,Female,50,Coimbatore,Student,723000,606,21-05-2022
C0767,Female,35,Kolkata,Manager,1147000,707,25-03-2021
C0768,Male,47,Ahmedabad,Student,613000,652,20-09-2023
C0769,Female,54,Bengaluru,Designer,955000,615,27-01-2025
C0770,Female,58,Kolkata,Manager,1664000,668,10-04-2023
C0771,Male,53,Jaipur,Accountant,895000,581,11-05-2023
C0772,Female,44,Coimbatore,Manager,1333000,617,09-12-2021
C0773,Female,35,Delhi,Accountant,807000,662,27-07-2024
C0774,Male,50,Delhi,Manager,1494000,645,16-05-2023
C0775,Male,62,Ahmedabad,Business Owner,1880000,785,10-07-2024
C0776,Male,37,Hyderabad,Software Developer,1090000,663,04-04-2024
C0777,Male,25,Ahmedabad,Software Developer,1137000,602,20-10-2021
C0778,Male,49,Chennai,Engineer,1374000,624,13-03-2025
C0779,Male,24,Delhi,Data Analyst,920000,698,23-05-2025
C0780,Male,30,Hyderabad,Engineer,844000,643,03-06-2024
C0781,Female,37,Hyderabad,Accountant,586000,677,08-04-2024
C0782,Female,30,Ahmedabad,Data Analyst,1186000,649,21-08-2022
C0783,Male,37,Pune,Student,365000,595,07-10-2022
C0784,Female,40,Kolkata,Engineer,910000,700,24-03-2022
C0785,Male,44,Jaipur,Software Developer,1065000,620,21-11-2022
C0786,Female,25,Pune,Consultant,930000,673,29-09-2023
C0787,Male,54,Delhi,Accountant,1108000,651,05-05-2023
C0788,Female,26,Delhi,Engineer,989000,694,17-05-2022
C0789,Male,22,Mysuru,Sales Executive,578000,714,03-02-2023
C0790,Female,33,Delhi,Sales Executive,612000,616,31-03-2025
C0791,Male,63,Coimbatore,Teacher,857000,623,05-01-2023
C0792,Female,63,Kochi,Teacher,918000,680,03-11-2024
C0793,Female,31,Mumbai,Designer,639000,586,09-05-2024
C0794,Male,43,Bengaluru,Manager,1385000,749,01-07-2025
C0795,Female,36,Mysuru,Accountant,654000,701,07-09-2021
C0796,Female,51,Kochi,Student,476000,581,27-05-2026
C0797,Female,31,Bengaluru,Data Analyst,950000,581,03-12-2024
C0798,Female,36,Hyderabad,Doctor,1432000,627,24-08-2022
C0799,Female,28,Delhi,Data Analyst,942000,600,05-05-2021
C0800,Male,24,Chennai,Student,237000,649,23-04-2021
C0801,Male,60,Coimbatore,Accountant,1212000,736,08-09-2023
C0802,Female,24,Jaipur,Manager,1002000,691,06-03-2024
C0803,Male,45,Coimbatore,Data Analyst,984000,643,18-11-2025
C0804,Female,23,Ahmedabad,Software Developer,955000,668,28-02-2025
C0805,Male,52,Coimbatore,Business Owner,1392000,637,29-08-2025
C0806,Female,23,Jaipur,Consultant,1055000,707,30-05-2021
C0807,Female,47,Chennai,Accountant,691000,657,25-05-2023
C0808,Female,49,Ahmedabad,Engineer,1065000,693,09-12-2021
C0809,Female,52,Hyderabad,Sales Executive,713000,606,23-05-2026
C0810,Male,39,Chennai,Engineer,1086000,652,03-08-2022
C0811,Male,41,Coimbatore,Designer,795000,676,23-10-2025
C0812,Male,25,Delhi,Engineer,642000,700,22-02-2023
C0813,Female,38,Chennai,Manager,1232000,640,17-11-2021
C0814,Male,48,Coimbatore,Engineer,1164000,699,02-04-2023
C0815,Male,62,Delhi,Sales Executive,911000,618,04-05-2026
C0816,Female,42,Chennai,Business Owner,1331000,768,28-02-2026
C0817,Female,41,Mysuru,Software Developer,1111000,642,16-06-2022
C0818,Female,26,Chennai,Teacher,576000,661,05-08-2024
C0819,Male,21,Pune,Software Developer,893000,657,21-02-2025
C0820,Male,25,Jaipur,Software Developer,961000,770,07-05-2022
C0821,Female,61,Bengaluru,Designer,1222000,678,04-09-2022
C0822,Male,32,Coimbatore,Business Owner,1128000,639,09-09-2021
C0823,Female,46,Kochi,Student,497000,656,29-06-2026
C0824,Male,54,Pune,Manager,1233000,696,06-01-2024
C0825,Female,34,Bengaluru,Manager,1235000,661,29-07-2025
C0826,Male,46,Pune,Software Developer,1135000,613,16-11-2024
C0827,Male,65,Mumbai,Data Analyst,1502000,659,06-12-2024
C0828,Male,47,Ahmedabad,Student,337000,658,22-06-2021
C0829,Female,29,Mysuru,Designer,801000,565,25-05-2023
C0830,Female,46,Delhi,Data Analyst,1299000,660,20-07-2021
C0831,Female,42,Kochi,Data Analyst,980000,699,05-08-2021
C0832,Male,50,Pune,Business Owner,1397000,673,11-01-2022
C0833,Female,63,Pune,Designer,1043000,755,10-10-2025
C0834,Male,37,Hyderabad,Data Analyst,986000,576,29-05-2025
C0835,Female,46,Chennai,Doctor,1814000,657,11-01-2021
C0836,Female,56,Mumbai,Sales Executive,804000,540,28-12-2025
C0837,Male,21,Kochi,Engineer,715000,729,27-11-2025
C0838,Male,28,Kochi,Engineer,644000,593,02-11-2023
C0839,Female,55,Ahmedabad,Manager,1652000,601,11-06-2023
C0840,Female,35,Kochi,Sales Executive,822000,618,02-06-2025
C0841,Male,42,Kolkata,Data Analyst,1171000,602,11-03-2022
C0842,Male,34,Kochi,Business Owner,1211000,639,04-09-2025
C0843,Female,46,Pune,Business Owner,1542000,687,20-06-2025
C0844,Male,48,Kolkata,Business Owner,1590000,724,29-03-2023
C0845,Female,43,Coimbatore,Manager,1285000,663,28-10-2024
C0846,Female,34,Bengaluru,Business Owner,1313000,673,20-07-2024
C0847,Female,44,Chennai,Business Owner,1576000,661,20-07-2023
C0848,Male,22,Kolkata,Business Owner,1003000,587,05-04-2026
C0849,Female,65,Bengaluru,Accountant,1250000,586,03-05-2026
C0850,Female,46,Mumbai,Accountant,865000,631,22-11-2022
C0851,Male,34,Jaipur,Sales Executive,474000,630,19-05-2025
C0852,Male,27,Coimbatore,Engineer,750000,622,13-03-2025
C0853,Male,23,Delhi,Student,180000,528,01-03-2024
C0854,Female,43,Pune,Student,321000,627,05-05-2023
C0855,Male,63,Kolkata,Data Analyst,1569000,760,02-05-2026
C0856,Male,65,Jaipur,Business Owner,1739000,690,23-02-2023
C0857,Female,38,Chennai,Doctor,1784000,672,15-11-2021
C0858,Female,58,Hyderabad,Software Developer,1463000,678,24-04-2023
C0859,Female,55,Mysuru,Doctor,1867000,653,27-05-2026
C0860,Female,35,Coimbatore,Engineer,979000,601,20-02-2026
C0861,Male,45,Mumbai,Data Analyst,1092000,680,13-09-2022
C0862,Female,57,Delhi,Student,596000,677,24-02-2023
C0863,Male,48,Chennai,Data Analyst,1007000,649,06-04-2024
C0864,Female,30,Mysuru,Student,440000,535,01-02-2022
C0865,Female,59,Mumbai,Accountant,840000,662,18-04-2024
C0866,Male,37,Hyderabad,Sales Executive,517000,721,18-12-2023
C0867,Male,59,Bengaluru,Accountant,1299000,660,12-02-2025
C0868,Male,42,Hyderabad,Engineer,1070000,651,11-05-2026
C0869,Female,46,Kolkata,Manager,1373000,636,03-06-2025
C0870,Female,64,Coimbatore,Engineer,1394000,698,05-04-2022
C0871,Male,45,Delhi,Business Owner,1255000,639,02-03-2021
C0872,Male,37,Kochi,Sales Executive,477000,672,04-01-2022
C0873,Female,33,Ahmedabad,Software Developer,1043000,628,19-02-2024
C0874,Male,40,Pune,Teacher,622000,650,20-12-2022
C0875,Male,45,Pune,Consultant,1281000,668,30-06-2022
C0876,Female,24,Bengaluru,Sales Executive,558000,701,25-05-2025
C0877,Male,30,Chennai,Manager,1327000,691,07-11-2023
C0878,Female,23,Delhi,Data Analyst,997000,717,11-05-2022
C0879,Female,61,Kochi,Manager,1413000,683,12-05-2022
C0880,Female,65,Bengaluru,Data Analyst,1335000,666,20-05-2022
C0881,Male,38,Ahmedabad,Consultant,1128000,660,05-04-2025
C0882,Male,56,Kolkata,Designer,950000,618,27-08-2023
C0883,Male,42,Kolkata,Consultant,1105000,685,31-08-2024
C0884,Male,54,Coimbatore,Sales Executive,1048000,627,29-12-2023
C0885,Female,28,Kochi,Engineer,887000,654,17-10-2025
C0886,Female,60,Kochi,Consultant,1443000,718,10-06-2021
C0887,Male,64,Kochi,Student,776000,714,26-06-2025
C0888,Male,39,Hyderabad,Engineer,1082000,667,27-03-2026
C0889,Male,62,Mysuru,Sales Executive,1078000,698,19-12-2022
C0890,Male,61,Pune,Data Analyst,1243000,702,14-03-2024
C0891,Female,57,Jaipur,Manager,1532000,667,12-05-2025
C0892,Male,26,Delhi,Student,180000,705,07-06-2025
C0893,Female,46,Jaipur,Manager,1329000,647,20-09-2023
C0894,Male,54,Hyderabad,Engineer,1205000,670,09-11-2024
C0895,Male,65,Chennai,Accountant,1149000,729,26-09-2021
C0896,Male,26,Kolkata,Accountant,675000,701,01-05-2026
C0897,Female,57,Pune,Sales Executive,980000,655,17-01-2025
C0898,Male,53,Kochi,Doctor,1764000,742,30-11-2022
C0899,Female,42,Ahmedabad,Teacher,776000,633,22-03-2025
C0900,Female,41,Ahmedabad,Consultant,1151000,641,15-05-2023
C0901,Male,26,Ahmedabad,Doctor,1862000,648,16-12-2021
C0902,Female,26,Delhi,Manager,1002000,688,20-04-2021
C0903,Female,24,Kochi,Manager,1016000,693,15-02-2025
C0904,Female,50,Pune,Sales Executive,906000,624,11-02-2022
C0905,Male,31,Kolkata,Accountant,670000,649,12-10-2022
C0906,Female,50,Jaipur,Business Owner,1606000,808,20-02-2021
C0907,Female,51,Kochi,Software Developer,1330000,725,27-11-2024
C0908,Male,44,Kochi,Software Developer,1180000,624,06-05-2025
C0909,Male,29,Coimbatore,Software Developer,958000,698,08-02-2025
C0910,Female,23,Hyderabad,Software Developer,905000,609,16-01-2024
C0911,Female,51,Chennai,Manager,1365000,545,28-12-2023
C0912,Female,60,Ahmedabad,Consultant,1449000,679,19-08-2022
C0913,Female,57,Bengaluru,Accountant,934000,722,06-09-2023
C0914,Male,56,Coimbatore,Student,609000,696,02-12-2023
C0915,Male,44,Pune,Designer,797000,661,01-01-2023
C0916,Female,51,Hyderabad,Student,653000,612,26-02-2021
C0917,Male,26,Chennai,Manager,1226000,689,08-01-2023
C0918,Female,22,Mysuru,Accountant,565000,619,15-07-2021
C0919,Male,40,Chennai,Business Owner,1289000,648,19-11-2025
C0920,Male,48,Mumbai,Engineer,1147000,711,29-08-2025
C0921,Female,31,Ahmedabad,Doctor,1724000,671,22-12-2023
C0922,Female,24,Mumbai,Sales Executive,678000,688,10-07-2024
C0923,Female,35,Hyderabad,Student,202000,584,22-04-2021
C0924,Female,26,Coimbatore,Software Developer,1133000,755,04-02-2023
C0925,Male,50,Chennai,Business Owner,1493000,608,12-12-2022
C0926,Male,58,Bengaluru,Student,641000,592,16-04-2024
C0927,Female,22,Pune,Engineer,911000,643,06-08-2023
C0928,Male,35,Mumbai,Teacher,612000,544,26-01-2021
C0929,Male,31,Chennai,Sales Executive,704000,523,14-02-2022
C0930,Female,28,Pune,Doctor,1707000,605,28-01-2023
C0931,Female,46,Mysuru,Engineer,1277000,657,15-06-2022
C0932,Male,65,Ahmedabad,Accountant,909000,638,06-12-2025
C0933,Female,64,Jaipur,Sales Executive,940000,667,02-09-2024
C0934,Female,25,Coimbatore,Accountant,418000,614,05-04-2025
C0935,Male,26,Pune,Software Developer,920000,664,04-02-2024
C0936,Male,46,Chennai,Teacher,514000,608,19-01-2023
C0937,Female,24,Coimbatore,Business Owner,1254000,701,16-01-2026
C0938,Male,39,Hyderabad,Accountant,844000,673,27-01-2025
C0939,Female,40,Mumbai,Consultant,1178000,650,03-09-2021
C0940,Female,53,Mumbai,Engineer,1091000,684,10-01-2024
C0941,Male,40,Kolkata,Sales Executive,718000,631,24-10-2022
C0942,Male,32,Chennai,Engineer,813000,576,28-06-2023
C0943,Female,21,Kolkata,Teacher,420000,664,31-01-2022
C0944,Female,46,Mysuru,Engineer,958000,612,06-06-2022
C0945,Female,34,Bengaluru,Doctor,1584000,727,31-01-2026
C0946,Male,58,Bengaluru,Accountant,976000,668,26-10-2025
C0947,Female,57,Chennai,Business Owner,1538000,681,15-07-2023
C0948,Male,31,Mumbai,Software Developer,1135000,578,21-09-2021
C0949,Female,56,Ahmedabad,Manager,1588000,757,12-08-2025
C0950,Male,33,Delhi,Engineer,1120000,645,01-03-2023
C0951,Female,63,Bengaluru,Consultant,1513000,712,21-07-2024
C0952,Male,23,Mumbai,Designer,742000,636,26-09-2025
C0953,Female,53,Kochi,Teacher,909000,638,22-05-2026
C0954,Female,26,Kochi,Business Owner,1011000,664,21-06-2021
C0955,Female,30,Kolkata,Teacher,566000,632,22-09-2021
C0956,Female,25,Pune,Engineer,806000,632,10-06-2026
C0957,Male,43,Coimbatore,Teacher,705000,636,20-01-2026
C0958,Male,30,Ahmedabad,Student,305000,636,16-11-2023
C0959,Male,64,Kolkata,Accountant,1092000,682,01-02-2025
C0960,Male,22,Kochi,Software Developer,882000,650,01-03-2026
C0961,Male,33,Ahmedabad,Student,328000,646,21-04-2022
C0962,Female,60,Delhi,Accountant,993000,636,22-12-2021
C0963,Male,22,Pune,Student,180000,710,16-11-2023
C0964,Male,40,Kolkata,Accountant,662000,703,03-02-2021
C0965,Male,21,Kochi,Accountant,661000,671,21-09-2021
C0966,Male,57,Mysuru,Software Developer,1515000,596,07-03-2024
C0967,Female,29,Bengaluru,Software Developer,757000,669,27-03-2023
C0968,Female,37,Bengaluru,Designer,740000,626,15-09-2025
C0969,Female,29,Kolkata,Software Developer,1100000,616,25-05-2023
C0970,Female,31,Mysuru,Designer,877000,632,24-01-2023
C0971,Male,35,Delhi,Accountant,720000,601,20-07-2022
C0972,Male,44,Delhi,Software Developer,1146000,686,07-04-2022
C0973,Female,58,Chennai,Engineer,1392000,749,06-04-2024
C0974,Female,55,Mysuru,Software Developer,1456000,717,13-07-2025
C0975,Male,50,Pune,Sales Executive,903000,774,17-10-2022
C0976,Male,51,Mumbai,Doctor,1756000,627,22-03-2021
C0977,Female,25,Delhi,Doctor,1634000,667,27-01-2023
C0978,Female,64,Pune,Teacher,785000,601,22-04-2026
C0979,Female,34,Delhi,Software Developer,1244000,724,03-03-2026
C0980,Female,31,Chennai,Business Owner,1264000,660,20-05-2023
C0981,Male,29,Jaipur,Software Developer,1063000,667,01-12-2024
C0982,Male,54,Coimbatore,Student,485000,655,17-05-2025
C0983,Male,32,Delhi,Teacher,416000,557,06-12-2023
C0984,Female,55,Coimbatore,Teacher,923000,623,22-08-2022
C0985,Male,55,Mysuru,Business Owner,1626000,734,23-06-2025
C0986,Male,21,Pune,Business Owner,1284000,646,18-03-2023
C0987,Female,60,Mysuru,Designer,1191000,588,19-04-2026
C0988,Female,42,Chennai,Accountant,898000,609,13-12-2023
C0989,Female,49,Chennai,Engineer,1027000,644,11-09-2023
C0990,Female,28,Mysuru,Manager,1228000,675,05-12-2022
C0991,Female,31,Pune,Software Developer,948000,649,06-06-2026
C0992,Female,61,Pune,Engineer,1415000,650,21-04-2022
C0993,Male,57,Bengaluru,Designer,1074000,701,15-08-2022
C0994,Male,34,Mysuru,Student,352000,614,16-01-2021
C0995,Male,50,Jaipur,Designer,1104000,670,15-10-2024
C0996,Male,55,Chennai,Business Owner,1680000,667,02-05-2022
C0997,Male,41,Bengaluru,Accountant,934000,719,05-02-2026
C0998,Male,57,Ahmedabad,Software Developer,1286000,653,07-12-2022
C0999,Female,25,Kolkata,Data Analyst,992000,658,06-03-2025
C1000,Female,39,Kolkata,Student,320000,664,10-03-2024
C1001,Female,34,Chennai,Teacher,753000,654,12-09-2022
C1002,Male,46,Bengaluru,Student,331000,630,13-01-2026
C1003,Male,24,Jaipur,Consultant,1039000,568,16-10-2023
C1004,Female,45,Mysuru,Software Developer,1141000,693,16-02-2023
C1005,Female,65,Jaipur,Business Owner,1784000,701,23-03-2022
C1006,Female,62,Ahmedabad,Manager,1678000,717,17-10-2021
C1007,Female,45,Chennai,Data Analyst,1164000,672,28-07-2021
C1008,Female,38,Delhi,Student,426000,598,07-02-2025
C1009,Male,60,Ahmedabad,Accountant,1155000,704,17-02-2022
C1010,Male,28,Bengaluru,Software Developer,1171000,673,08-11-2022
C1011,Male,59,Delhi,Accountant,1062000,600,21-12-2024
C1012,Female,60,Coimbatore,Designer,1060000,717,21-02-2026
C1013,Male,34,Mysuru,Software Developer,1186000,601,26-10-2024
C1014,Female,52,Kolkata,Student,351000,660,30-01-2026
C1015,Male,58,Hyderabad,Software Developer,1505000,750,26-10-2022
C1016,Female,53,Kolkata,Student,501000,578,14-06-2026
C1017,Female,43,Coimbatore,Consultant,1237000,663,17-10-2021
C1018,Male,35,Mysuru,Data Analyst,1130000,652,26-12-2024
C1019,Male,53,Chennai,Teacher,836000,638,15-07-2024
C1020,Male,45,Pune,Student,568000,714,31-05-2021
C1021,Male,37,Kolkata,Business Owner,1481000,632,09-10-2025
C1022,Male,53,Kochi,Consultant,1399000,663,02-07-2024
C1023,Female,22,Coimbatore,Software Developer,1037000,725,08-10-2024
C1024,Male,34,Kolkata,Sales Executive,594000,618,01-11-2024
C1025,Male,60,Kolkata,Consultant,1484000,640,04-08-2025
C1026,Female,60,Kolkata,Sales Executive,786000,655,05-05-2023
C1027,Male,59,Mysuru,Software Developer,1373000,712,13-10-2024
C1028,Female,26,Kolkata,Accountant,507000,610,31-08-2022
C1029,Male,26,Delhi,Accountant,554000,655,19-05-2026
C1030,Male,23,Coimbatore,Teacher,310000,555,05-01-2022
C1031,Female,27,Delhi,Business Owner,1256000,610,04-06-2024
C1032,Male,28,Kolkata,Engineer,1089000,640,06-12-2022
C1033,Male,62,Mumbai,Consultant,1439000,706,19-08-2024
C1034,Male,35,Mumbai,Accountant,886000,683,06-04-2023
C1035,Male,49,Delhi,Engineer,1273000,617,02-10-2023
C1036,Female,53,Hyderabad,Manager,1292000,704,13-11-2024
C1037,Female,50,Pune,Business Owner,1382000,684,12-01-2022
C1038,Male,59,Ahmedabad,Engineer,1377000,636,31-08-2023
C1039,Male,47,Kochi,Designer,953000,592,28-04-2021
C1040,Female,56,Kochi,Designer,917000,661,26-10-2023
C1041,Female,49,Kolkata,Business Owner,1412000,736,20-03-2022
C1042,Male,58,Hyderabad,Engineer,1296000,673,07-10-2024
C1043,Female,53,Mumbai,Consultant,1291000,629,25-01-2023
C1044,Female,57,Mumbai,Business Owner,1251000,585,06-04-2025
C1045,Female,47,Hyderabad,Data Analyst,1125000,731,15-08-2025
C1046,Female,53,Pune,Business Owner,1507000,730,02-10-2022
C1047,Male,24,Delhi,Accountant,651000,649,04-05-2021
C1048,Female,42,Pune,Accountant,1005000,722,20-10-2022
C1049,Male,22,Chennai,Business Owner,1206000,676,24-07-2024
C1050,Male,30,Chennai,Manager,1189000,641,02-04-2023
C1051,Female,25,Mumbai,Sales Executive,627000,659,18-11-2024
C1052,Male,30,Ahmedabad,Teacher,611000,596,26-10-2022
C1053,Male,53,Chennai,Consultant,1642000,646,26-12-2021
C1054,Female,58,Mysuru,Sales Executive,744000,676,15-09-2022
C1055,Female,33,Mumbai,Business Owner,1184000,704,01-02-2025
C1056,Female,51,Kolkata,Business Owner,1586000,630,10-07-2025
C1057,Male,56,Jaipur,Manager,1623000,634,20-09-2025
C1058,Male,65,Jaipur,Accountant,1106000,641,17-12-2023
C1059,Male,44,Bengaluru,Student,357000,588,28-06-2024
C1060,Male,35,Kolkata,Business Owner,1531000,706,04-04-2026
C1061,Female,49,Jaipur,Designer,893000,651,08-07-2023
C1062,Male,28,Pune,Engineer,927000,703,19-03-2024
C1063,Female,25,Bengaluru,Engineer,1008000,670,28-03-2022
C1064,Female,49,Mumbai,Manager,1335000,644,31-03-2024
C1065,Female,24,Hyderabad,Data Analyst,825000,560,30-04-2021
C1066,Female,32,Hyderabad,Data Analyst,918000,659,05-08-2022
C1067,Male,65,Mumbai,Teacher,1138000,586,02-05-2026
C1068,Female,22,Ahmedabad,Data Analyst,1027000,627,06-10-2024
C1069,Male,47,Mumbai,Engineer,1118000,629,09-04-2021
C1070,Female,51,Delhi,Designer,1238000,645,05-04-2024
C1071,Female,56,Hyderabad,Software Developer,1376000,616,08-01-2026
C1072,Female,56,Jaipur,Consultant,1577000,654,14-08-2025
C1073,Male,46,Kochi,Consultant,1250000,720,05-02-2026
C1074,Female,63,Bengaluru,Sales Executive,1236000,719,23-06-2026
C1075,Female,47,Ahmedabad,Engineer,1302000,741,29-05-2022
C1076,Female,25,Coimbatore,Sales Executive,485000,627,26-10-2022
C1077,Female,40,Chennai,Accountant,1002000,667,05-02-2022
C1078,Male,31,Kolkata,Manager,1338000,726,31-12-2021
C1079,Male,30,Ahmedabad,Manager,1346000,608,20-05-2025
C1080,Female,60,Chennai,Student,372000,657,11-09-2024
C1081,Female,58,Ahmedabad,Teacher,1032000,715,04-08-2022
C1082,Male,26,Kochi,Consultant,1127000,622,15-07-2025
C1083,Male,28,Mysuru,Accountant,743000,703,13-09-2022
C1084,Male,43,Ahmedabad,Student,492000,720,08-04-2023
C1085,Female,46,Jaipur,Designer,982000,689,04-09-2021
C1086,Male,63,Mumbai,Software Developer,1610000,715,10-03-2022
C1087,Female,32,Delhi,Designer,849000,596,22-01-2024
C1088,Male,46,Bengaluru,Engineer,1128000,710,15-07-2024
C1089,Male,33,Hyderabad,Engineer,1083000,613,07-09-2022
C1090,Female,60,Chennai,Engineer,1320000,689,01-08-2023
C1091,Male,38,Mysuru,Teacher,768000,663,21-08-2023
C1092,Female,45,Bengaluru,Manager,1564000,538,16-09-2022
C1093,Male,53,Ahmedabad,Engineer,1134000,681,17-11-2021
C1094,Female,60,Mumbai,Engineer,1088000,778,01-05-2026
C1095,Male,63,Bengaluru,Sales Executive,965000,559,14-01-2026
C1096,Male,32,Mumbai,Student,360000,617,06-05-2023
C1097,Female,64,Chennai,Student,805000,557,03-03-2021
C1098,Female,56,Jaipur,Sales Executive,885000,608,27-10-2021
C1099,Female,24,Jaipur,Consultant,1141000,576,07-02-2022
C1100,Female,25,Mumbai,Software Developer,1301000,679,13-08-2023
C1101,Male,57,Mumbai,Doctor,1980000,745,30-07-2025
C1102,Male,28,Delhi,Consultant,1203000,685,10-05-2025
C1103,Male,62,Kolkata,Data Analyst,1328000,631,02-07-2025
C1104,Male,48,Mysuru,Manager,1210000,639,19-08-2024
C1105,Male,51,Delhi,Engineer,886000,661,29-11-2025
C1106,Male,29,Bengaluru,Data Analyst,886000,608,10-09-2021
C1107,Female,49,Pune,Accountant,628000,575,24-10-2025
C1108,Male,34,Delhi,Manager,1270000,659,23-04-2022
C1109,Male,60,Bengaluru,Accountant,1024000,614,24-10-2024
C1110,Female,61,Hyderabad,Manager,1374000,694,30-08-2025
C1111,Male,42,Bengaluru,Engineer,1070000,717,19-05-2026
C1112,Male,31,Bengaluru,Software Developer,983000,771,09-06-2021
C1113,Male,43,Coimbatore,Sales Executive,770000,658,19-08-2023
C1114,Female,21,Mumbai,Manager,1185000,694,04-04-2024
C1115,Female,57,Kochi,Software Developer,1300000,645,24-07-2021
C1116,Male,41,Ahmedabad,Student,414000,599,14-07-2024
C1117,Female,46,Mumbai,Data Analyst,1178000,723,07-03-2024
C1118,Male,56,Mysuru,Business Owner,1403000,665,23-10-2024
C1119,Male,43,Mumbai,Software Developer,1242000,672,06-01-2025
C1120,Male,21,Mysuru,Consultant,878000,703,08-05-2023
C1121,Female,60,Mysuru,Manager,1588000,675,30-01-2023
C1122,Male,35,Kochi,Software Developer,1068000,726,10-05-2025
C1123,Male,41,Kochi,Sales Executive,520000,654,24-04-2026
C1124,Male,29,Ahmedabad,Doctor,1478000,702,22-12-2022
C1125,Male,29,Coimbatore,Data Analyst,883000,619,07-11-2023
C1126,Male,30,Pune,Software Developer,1188000,688,09-03-2021
C1127,Female,46,Coimbatore,Data Analyst,1173000,645,13-05-2021
C1128,Male,61,Mysuru,Engineer,1167000,685,20-09-2025
C1129,Female,55,Hyderabad,Accountant,1208000,662,08-07-2023
C1130,Male,45,Delhi,Student,565000,675,06-03-2022
C1131,Female,46,Bengaluru,Accountant,862000,646,04-11-2021
C1132,Male,31,Mysuru,Software Developer,886000,740,12-10-2022
C1133,Male,58,Delhi,Engineer,1195000,653,12-04-2024
C1134,Female,22,Coimbatore,Software Developer,974000,630,16-02-2022
C1135,Female,27,Jaipur,Doctor,1568000,702,07-04-2021
C1136,Male,38,Chennai,Consultant,1279000,719,03-09-2025
C1137,Female,47,Pune,Software Developer,1361000,723,23-03-2024
C1138,Female,54,Chennai,Consultant,1205000,674,15-09-2025
C1139,Male,47,Bengaluru,Sales Executive,789000,659,19-06-2024
C1140,Male,37,Kochi,Business Owner,1325000,688,20-08-2024
C1141,Male,63,Bengaluru,Student,1027000,608,01-08-2024
C1142,Male,64,Hyderabad,Accountant,1126000,708,17-11-2023
C1143,Male,44,Delhi,Manager,1253000,612,26-11-2024
C1144,Female,45,Mysuru,Accountant,903000,601,15-10-2024
C1145,Male,27,Ahmedabad,Business Owner,1223000,670,20-12-2023
C1146,Female,26,Coimbatore,Data Analyst,673000,623,21-07-2021
C1147,Male,44,Coimbatore,Data Analyst,1177000,701,01-02-2023
C1148,Male,53,Kolkata,Data Analyst,1199000,686,24-05-2023
C1149,Female,49,Mysuru,Accountant,935000,658,04-08-2022
C1150,Male,63,Kolkata,Software Developer,1351000,624,17-06-2026
C1151,Female,42,Ahmedabad,Sales Executive,573000,633,05-01-2022
C1152,Female,46,Kochi,Consultant,1407000,675,17-06-2022
C1153,Female,48,Kolkata,Doctor,1909000,715,21-03-2024
C1154,Male,41,Kochi,Software Developer,1242000,649,31-01-2024
C1155,Male,27,Mumbai,Sales Executive,307000,640,18-06-2023
C1156,Male,37,Hyderabad,Student,452000,609,30-08-2022
C1157,Male,40,Mysuru,Consultant,1014000,675,09-01-2025
C1158,Male,61,Pune,Data Analyst,1253000,705,23-05-2023
C1159,Male,40,Delhi,Doctor,1784000,674,06-06-2024
C1160,Female,42,Delhi,Software Developer,1283000,636,23-02-2024
C1161,Male,48,Pune,Software Developer,1331000,695,09-02-2023
C1162,Male,60,Bengaluru,Student,828000,586,14-04-2023
C1163,Male,27,Bengaluru,Consultant,1141000,713,26-09-2023
C1164,Male,21,Chennai,Accountant,408000,623,20-03-2026
C1165,Female,52,Bengaluru,Sales Executive,780000,638,27-07-2023
C1166,Female,33,Kochi,Accountant,741000,665,24-08-2021
C1167,Female,50,Ahmedabad,Business Owner,1481000,703,11-06-2021
C1168,Female,43,Mumbai,Teacher,692000,638,08-07-2022
C1169,Female,39,Pune,Designer,744000,680,27-02-2023
C1170,Male,52,Kochi,Engineer,1462000,650,08-10-2024
C1171,Female,50,Kochi,Sales Executive,753000,673,28-12-2023
C1172,Female,49,Chennai,Student,820000,597,11-04-2024
C1173,Male,65,Kochi,Software Developer,1343000,697,10-02-2026
C1174,Male,49,Coimbatore,Accountant,1017000,641,19-07-2025
C1175,Female,50,Coimbatore,Sales Executive,828000,587,02-09-2025
C1176,Male,36,Hyderabad,Accountant,671000,648,13-07-2022
C1177,Male,60,Bengaluru,Sales Executive,864000,646,18-09-2021
C1178,Female,39,Delhi,Designer,866000,578,05-08-2021
C1179,Male,38,Coimbatore,Doctor,1555000,590,15-01-2026
C1180,Female,21,Hyderabad,Teacher,519000,622,22-02-2024
C1181,Female,34,Mumbai,Sales Executive,324000,691,16-03-2023
C1182,Male,22,Coimbatore,Manager,1185000,680,31-03-2024
C1183,Female,48,Mumbai,Software Developer,1423000,648,20-07-2021
C1184,Female,50,Mumbai,Engineer,1205000,715,17-01-2025
C1185,Male,58,Mysuru,Accountant,1318000,713,06-02-2022
C1186,Male,24,Bengaluru,Sales Executive,582000,689,25-01-2025
C1187,Male,21,Kochi,Student,387000,652,02-10-2021
C1188,Male,28,Mumbai,Manager,1285000,711,25-07-2021
C1189,Female,49,Pune,Software Developer,958000,686,30-11-2023
C1190,Male,59,Delhi,Data Analyst,1359000,653,20-07-2024
C1191,Male,23,Kochi,Sales Executive,334000,545,20-09-2025
C1192,Female,52,Chennai,Software Developer,1182000,642,17-05-2023
C1193,Female,30,Bengaluru,Data Analyst,839000,696,03-04-2021
C1194,Female,30,Ahmedabad,Software Developer,1022000,639,02-12-2023
C1195,Female,39,Hyderabad,Manager,1346000,667,28-01-2025
C1196,Male,54,Jaipur,Designer,1100000,608,14-01-2022
C1197,Male,53,Hyderabad,Data Analyst,1234000,643,05-02-2024
C1198,Female,43,Mumbai,Business Owner,1503000,682,13-09-2024
C1199,Female,48,Delhi,Manager,1470000,703,06-03-2021
C1200,Female,52,Chennai,Designer,1077000,639,31-12-2021
C1201,Female,27,Coimbatore,Software Developer,817000,621,01-04-2023
C1202,Male,49,Kochi,Business Owner,1399000,715,16-02-2025
C1203,Female,28,Pune,Teacher,589000,647,29-07-2025
C1204,Male,21,Kolkata,Sales Executive,588000,653,09-04-2026
C1205,Female,23,Hyderabad,Business Owner,1041000,726,14-11-2023
C1206,Male,44,Kolkata,Software Developer,1227000,645,24-06-2022
C1207,Male,43,Kochi,Manager,1128000,660,22-12-2023
C1208,Male,28,Delhi,Student,409000,647,06-05-2022
C1209,Male,57,Kolkata,Engineer,1263000,630,20-07-2024
C1210,Female,23,Hyderabad,Sales Executive,338000,629,17-08-2021
C1211,Male,53,Ahmedabad,Software Developer,1174000,666,10-11-2023
C1212,Female,48,Jaipur,Accountant,972000,778,03-01-2021
C1213,Male,28,Kolkata,Doctor,1701000,698,15-12-2024
C1214,Male,54,Ahmedabad,Consultant,1266000,722,20-10-2025
C1215,Female,55,Ahmedabad,Teacher,1004000,693,30-06-2023
C1216,Female,52,Mumbai,Sales Executive,759000,590,03-11-2021
C1217,Male,44,Jaipur,Consultant,1377000,606,08-03-2022
C1218,Male,34,Pune,Manager,1290000,682,16-05-2021
C1219,Female,52,Mysuru,Student,593000,689,17-04-2026
C1220,Male,63,Hyderabad,Consultant,1286000,684,22-05-2026
C1221,Female,36,Chennai,Engineer,1064000,662,30-05-2022
C1222,Female,24,Kochi,Doctor,1560000,673,12-07-2021
C1223,Female,57,Chennai,Sales Executive,933000,592,28-05-2025
C1224,Male,41,Kolkata,Software Developer,1215000,624,09-12-2024
C1225,Male,34,Jaipur,Consultant,1053000,585,23-05-2023
C1226,Female,51,Kolkata,Designer,1142000,613,16-02-2024
C1227,Female,38,Jaipur,Engineer,1114000,638,28-10-2022
C1228,Female,27,Hyderabad,Manager,995000,690,28-07-2021
C1229,Female,30,Kochi,Business Owner,1418000,658,10-08-2023
C1230,Male,27,Kochi,Accountant,690000,649,24-11-2023
C1231,Female,53,Hyderabad,Engineer,1201000,672,11-10-2022
C1232,Male,43,Pune,Engineer,1045000,680,03-09-2024
C1233,Female,41,Ahmedabad,Manager,1283000,624,30-04-2021
C1234,Male,39,Jaipur,Student,583000,680,19-09-2022
C1235,Male,39,Bengaluru,Student,542000,566,09-06-2022
C1236,Male,56,Bengaluru,Accountant,1143000,643,24-05-2025
C1237,Male,49,Ahmedabad,Engineer,1160000,663,15-05-2026
C1238,Male,38,Mysuru,Manager,1363000,709,12-02-2026
C1239,Female,22,Kolkata,Data Analyst,800000,706,08-02-2023
C1240,Female,21,Jaipur,Sales Executive,570000,666,18-01-2024
C1241,Male,25,Mysuru,Student,232000,676,27-05-2022
C1242,Female,40,Delhi,Consultant,983000,617,16-02-2021
C1243,Female,31,Kochi,Designer,582000,686,11-02-2023
C1244,Female,62,Coimbatore,Engineer,1214000,713,10-01-2023
C1245,Female,22,Chennai,Consultant,1100000,553,06-06-2026
C1246,Female,23,Delhi,Teacher,471000,616,12-09-2025
C1247,Female,43,Chennai,Sales Executive,645000,663,06-06-2022
C1248,Female,32,Kochi,Data Analyst,1076000,636,31-07-2024
C1249,Male,40,Bengaluru,Consultant,1163000,615,01-11-2024
C1250,Female,25,Mysuru,Sales Executive,660000,731,20-07-2025
C1251,Female,57,Hyderabad,Engineer,1374000,681,14-05-2021
C1252,Female,58,Pune,Doctor,1899000,711,18-08-2025
C1253,Male,50,Mumbai,Consultant,1440000,620,05-09-2021
C1254,Male,29,Kolkata,Business Owner,1322000,645,03-08-2025
C1255,Female,54,Ahmedabad,Data Analyst,1219000,627,03-09-2024
C1256,Male,64,Bengaluru,Software Developer,1571000,735,12-03-2022
C1257,Male,55,Hyderabad,Software Developer,1481000,704,14-04-2024
C1258,Female,42,Mysuru,Sales Executive,590000,607,02-02-2026
C1259,Male,64,Hyderabad,Accountant,1136000,688,17-11-2022
C1260,Female,44,Chennai,Engineer,1095000,649,09-08-2022
C1261,Male,37,Coimbatore,Teacher,796000,654,17-12-2021
C1262,Female,30,Coimbatore,Teacher,557000,641,23-05-2021
C1263,Male,50,Hyderabad,Software Developer,1228000,686,25-08-2023
C1264,Female,43,Jaipur,Doctor,1736000,709,15-03-2023
C1265,Female,52,Kolkata,Teacher,1016000,675,22-11-2024
C1266,Male,37,Mumbai,Teacher,550000,687,06-07-2025
C1267,Female,37,Bengaluru,Consultant,1071000,688,19-12-2022
C1268,Female,34,Jaipur,Software Developer,1046000,642,05-10-2022
C1269,Male,29,Bengaluru,Manager,1107000,656,24-10-2024
C1270,Female,60,Pune,Accountant,858000,703,16-05-2022
C1271,Female,22,Mumbai,Accountant,830000,651,04-07-2025
C1272,Male,65,Hyderabad,Manager,1564000,669,05-01-2022
C1273,Female,45,Pune,Accountant,856000,619,22-05-2025
C1274,Male,59,Chennai,Sales Executive,1103000,673,06-11-2024
C1275,Female,29,Mysuru,Manager,1234000,629,15-01-2024
C1276,Male,42,Pune,Accountant,790000,701,26-02-2023
C1277,Male,63,Delhi,Student,726000,593,09-01-2023
C1278,Female,24,Chennai,Manager,1095000,727,23-01-2025
C1279,Male,46,Mumbai,Data Analyst,1326000,660,08-08-2023
C1280,Female,49,Kolkata,Software Developer,1268000,621,10-09-2024
C1281,Female,65,Delhi,Software Developer,1307000,680,06-06-2022
C1282,Male,54,Bengaluru,Sales Executive,623000,591,04-05-2022
C1283,Female,43,Ahmedabad,Consultant,1443000,681,07-05-2026
C1284,Female,57,Ahmedabad,Sales Executive,789000,617,01-02-2022
C1285,Male,31,Delhi,Manager,1252000,711,15-06-2023
C1286,Female,26,Kolkata,Business Owner,1221000,673,21-12-2021
C1287,Female,38,Jaipur,Engineer,956000,599,05-08-2023
C1288,Male,41,Ahmedabad,Manager,1261000,642,15-10-2021
C1289,Female,62,Delhi,Accountant,1284000,702,22-01-2025
C1290,Female,56,Mumbai,Designer,898000,707,06-07-2025
C1291,Male,61,Kochi,Data Analyst,1286000,669,25-09-2023
C1292,Female,58,Kolkata,Accountant,1155000,617,20-06-2022
C1293,Female,54,Kolkata,Manager,1294000,719,07-08-2024
C1294,Male,37,Jaipur,Manager,1402000,709,01-05-2023
C1295,Female,57,Chennai,Accountant,1141000,722,18-04-2023
C1296,Female,45,Hyderabad,Student,523000,642,17-06-2021
C1297,Male,58,Ahmedabad,Software Developer,1336000,650,08-08-2023
C1298,Male,32,Hyderabad,Consultant,965000,676,13-09-2022
C1299,Female,43,Hyderabad,Manager,1401000,692,04-03-2022
C1300,Female,62,Coimbatore,Sales Executive,1274000,644,22-09-2025
C1301,Male,42,Coimbatore,Student,472000,635,05-05-2022
C1302,Female,41,Mumbai,Teacher,523000,620,21-12-2021
C1303,Female,47,Bengaluru,Data Analyst,1219000,701,15-07-2021
C1304,Female,51,Hyderabad,Designer,1115000,683,29-06-2022
C1305,Male,26,Kolkata,Accountant,552000,583,18-12-2022
C1306,Female,47,Coimbatore,Sales Executive,687000,586,04-04-2023
C1307,Female,60,Jaipur,Software Developer,1330000,669,21-07-2023
C1308,Male,54,Jaipur,Manager,1384000,678,14-09-2025
C1309,Male,32,Coimbatore,Student,313000,651,30-09-2023
C1310,Male,65,Kochi,Designer,1077000,682,21-10-2022
C1311,Female,27,Bengaluru,Teacher,426000,689,28-07-2023
C1312,Female,30,Chennai,Consultant,1131000,641,19-02-2023
C1313,Male,65,Kolkata,Accountant,1108000,637,11-01-2021
C1314,Female,37,Kolkata,Engineer,942000,609,25-05-2025
C1315,Female,46,Kochi,Manager,1362000,709,03-07-2024
C1316,Female,41,Pune,Manager,1110000,662,31-01-2022
C1317,Female,48,Mysuru,Sales Executive,808000,561,01-01-2023
C1318,Male,22,Kochi,Business Owner,1150000,672,07-01-2026
C1319,Male,63,Hyderabad,Data Analyst,1385000,688,13-02-2022
C1320,Female,21,Delhi,Engineer,898000,643,28-12-2021
C1321,Male,56,Coimbatore,Doctor,2008000,724,06-07-2024
C1322,Female,46,Jaipur,Data Analyst,1164000,609,24-10-2023
C1323,Female,49,Coimbatore,Consultant,1466000,754,25-03-2021
C1324,Male,41,Kochi,Teacher,703000,656,05-06-2021
C1325,Male,31,Hyderabad,Designer,739000,561,14-08-2025
C1326,Female,60,Ahmedabad,Designer,1109000,661,14-04-2024
C1327,Female,31,Bengaluru,Manager,1265000,688,08-12-2022
C1328,Female,56,Kolkata,Sales Executive,948000,602,16-05-2026
C1329,Female,59,Coimbatore,Consultant,1474000,705,17-04-2022
C1330,Male,60,Pune,Accountant,923000,726,11-09-2022
C1331,Male,55,Coimbatore,Software Developer,1434000,650,18-12-2024
C1332,Female,54,Bengaluru,Business Owner,1445000,699,14-05-2021
C1333,Female,44,Hyderabad,Accountant,768000,652,27-02-2023
C1334,Male,42,Coimbatore,Sales Executive,567000,675,26-06-2023
C1335,Female,25,Chennai,Business Owner,1190000,661,14-05-2023
C1336,Male,53,Mysuru,Sales Executive,981000,606,04-11-2024
C1337,Female,56,Ahmedabad,Manager,1356000,715,29-10-2022
C1338,Male,40,Hyderabad,Software Developer,1381000,631,04-10-2021
C1339,Female,39,Delhi,Designer,977000,735,13-06-2024
C1340,Female,55,Mumbai,Accountant,834000,671,11-11-2025
C1341,Female,63,Hyderabad,Doctor,1910000,678,01-06-2023
C1342,Male,37,Mysuru,Manager,1119000,711,13-01-2021
C1343,Male,65,Kochi,Software Developer,1560000,685,08-12-2021
C1344,Female,63,Hyderabad,Manager,1437000,669,04-02-2021
C1345,Female,54,Kochi,Business Owner,1353000,644,13-07-2022
C1346,Female,29,Chennai,Doctor,1509000,598,22-05-2024
C1347,Female,46,Kolkata,Designer,1092000,687,06-12-2024
C1348,Male,22,Jaipur,Accountant,627000,561,09-02-2022
C1349,Male,29,Mumbai,Software Developer,1096000,625,26-02-2025
C1350,Male,29,Chennai,Business Owner,1300000,691,20-10-2022
C1351,Female,60,Mysuru,Sales Executive,739000,618,08-06-2021
C1352,Female,37,Kochi,Software Developer,1036000,664,14-08-2023
C1353,Male,21,Jaipur,Software Developer,1001000,600,19-07-2025
C1354,Female,45,Coimbatore,Engineer,1023000,641,08-02-2024
C1355,Male,63,Delhi,Engineer,1511000,690,03-07-2022
C1356,Male,60,Bengaluru,Student,523000,586,18-12-2025
C1357,Male,62,Mumbai,Consultant,1385000,752,30-03-2025
C1358,Male,45,Pune,Teacher,825000,617,12-09-2023
C1359,Female,59,Chennai,Manager,1433000,741,02-10-2024
C1360,Male,55,Bengaluru,Doctor,1513000,676,03-11-2025
C1361,Female,23,Bengaluru,Designer,932000,581,26-01-2026
C1362,Male,57,Mysuru,Designer,955000,601,18-07-2025
C1363,Male,64,Hyderabad,Doctor,2035000,720,06-10-2021
C1364,Male,64,Coimbatore,Sales Executive,818000,691,24-04-2022
C1365,Male,50,Hyderabad,Student,446000,704,21-04-2021
C1366,Female,58,Pune,Data Analyst,1101000,666,18-07-2025
C1367,Female,54,Pune,Data Analyst,1159000,611,03-05-2026
C1368,Female,32,Kochi,Business Owner,1207000,679,07-03-2022
C1369,Female,39,Pune,Student,402000,585,26-06-2022
C1370,Male,57,Bengaluru,Designer,1039000,675,13-02-2024
C1371,Female,64,Kochi,Consultant,1345000,632,19-01-2024
C1372,Female,37,Jaipur,Sales Executive,581000,538,20-05-2024
C1373,Male,30,Mysuru,Manager,1334000,733,23-04-2025
C1374,Female,32,Kolkata,Student,493000,617,07-06-2025
C1375,Female,36,Kolkata,Student,437000,626,12-04-2025
C1376,Female,44,Mysuru,Teacher,858000,692,19-10-2025
C1377,Female,39,Kolkata,Accountant,1065000,743,26-12-2021
C1378,Male,28,Mumbai,Student,355000,652,18-02-2025
C1379,Male,51,Mumbai,Engineer,1239000,673,07-01-2022
C1380,Female,41,Pune,Student,254000,635,23-05-2024
C1381,Male,37,Kolkata,Software Developer,1010000,642,23-10-2025
C1382,Female,43,Delhi,Business Owner,1412000,679,05-11-2023
C1383,Female,57,Hyderabad,Student,537000,636,13-08-2023
C1384,Female,36,Coimbatore,Data Analyst,912000,615,16-09-2021
C1385,Male,26,Delhi,Data Analyst,806000,645,17-02-2023
C1386,Male,28,Kolkata,Doctor,1365000,692,26-01-2025
C1387,Male,45,Kolkata,Sales Executive,645000,659,30-04-2021
C1388,Male,38,Hyderabad,Engineer,1047000,677,03-09-2023
C1389,Male,45,Kolkata,Sales Executive,956000,592,02-07-2023
C1390,Male,32,Chennai,Software Developer,1180000,720,26-02-2024
C1391,Female,35,Bengaluru,Designer,896000,701,24-12-2022
C1392,Male,46,Kochi,Designer,757000,637,07-06-2022
C1393,Female,61,Hyderabad,Business Owner,1646000,711,08-09-2025
C1394,Female,65,Kolkata,Business Owner,1672000,682,27-07-2025
C1395,Male,46,Mumbai,Business Owner,1487000,716,21-11-2021
C1396,Female,52,Mumbai,Manager,1381000,639,05-09-2024
C1397,Female,30,Bengaluru,Engineer,1109000,721,10-03-2025
C1398,Female,36,Mumbai,Engineer,988000,686,30-03-2025
C1399,Male,27,Kochi,Engineer,892000,682,10-12-2023
C1400,Male,37,Ahmedabad,Business Owner,1109000,656,30-04-2026
C1401,Female,43,Mysuru,Data Analyst,1103000,597,27-05-2025
C1402,Male,46,Ahmedabad,Manager,1490000,722,10-03-2021
C1403,Female,41,Ahmedabad,Designer,959000,591,26-01-2022
C1404,Male,42,Bengaluru,Teacher,495000,668,18-01-2022
C1405,Female,27,Bengaluru,Accountant,620000,599,16-01-2021
C1406,Female,34,Coimbatore,Doctor,1816000,628,02-01-2025
C1407,Male,35,Kochi,Student,352000,619,26-04-2023
C1408,Male,27,Hyderabad,Sales Executive,563000,684,19-05-2023
C1409,Male,29,Pune,Sales Executive,742000,597,22-07-2022
C1410,Male,28,Ahmedabad,Designer,717000,711,29-06-2025
C1411,Male,43,Mumbai,Engineer,1161000,693,12-05-2021
C1412,Female,49,Delhi,Student,587000,639,03-05-2025
C1413,Female,38,Pune,Consultant,1281000,651,25-06-2024
C1414,Female,51,Kochi,Software Developer,1358000,658,30-09-2021
C1415,Male,50,Hyderabad,Designer,934000,671,05-07-2025
C1416,Male,59,Coimbatore,Software Developer,1354000,713,10-05-2026
C1417,Female,55,Mumbai,Manager,1357000,648,05-02-2026
C1418,Female,38,Kolkata,Software Developer,959000,616,15-02-2026
C1419,Female,62,Hyderabad,Doctor,2093000,705,04-10-2024
C1420,Female,59,Ahmedabad,Consultant,1459000,743,29-04-2022
C1421,Male,37,Ahmedabad,Accountant,937000,597,04-07-2022
C1422,Female,34,Kolkata,Doctor,1796000,750,23-12-2021
C1423,Male,51,Kochi,Teacher,868000,650,11-11-2025
C1424,Female,44,Jaipur,Student,320000,543,03-09-2024
C1425,Male,55,Hyderabad,Software Developer,1336000,653,15-07-2025
C1426,Male,64,Kolkata,Doctor,1887000,731,08-12-2023
C1427,Male,65,Kochi,Sales Executive,742000,722,31-10-2023
C1428,Male,54,Kochi,Student,538000,570,21-08-2021
C1429,Female,23,Coimbatore,Doctor,1491000,555,05-02-2021
C1430,Female,57,Bengaluru,Consultant,1357000,616,17-02-2022
C1431,Female,63,Hyderabad,Student,613000,685,25-01-2025
C1432,Male,60,Mumbai,Sales Executive,767000,561,25-10-2023
C1433,Female,46,Jaipur,Accountant,926000,718,13-02-2021
C1434,Female,43,Chennai,Software Developer,1440000,734,22-07-2022
C1435,Female,64,Delhi,Data Analyst,1521000,692,27-04-2025
C1436,Male,59,Hyderabad,Data Analyst,1386000,648,02-07-2024
C1437,Male,35,Pune,Accountant,851000,649,10-01-2023
C1438,Male,24,Kochi,Engineer,834000,673,24-04-2021
C1439,Female,49,Bengaluru,Manager,1171000,685,08-11-2025
C1440,Female,42,Kolkata,Teacher,710000,717,01-02-2022
C1441,Female,45,Ahmedabad,Data Analyst,1024000,645,12-04-2024
C1442,Male,33,Kolkata,Sales Executive,615000,575,02-07-2024
C1443,Female,38,Kolkata,Business Owner,1504000,616,11-04-2022
C1444,Male,53,Jaipur,Engineer,1423000,603,07-05-2026
C1445,Male,36,Hyderabad,Student,390000,630,24-07-2024
C1446,Male,65,Kolkata,Engineer,1130000,652,27-01-2025
C1447,Male,62,Jaipur,Consultant,1502000,684,27-04-2023
C1448,Female,64,Chennai,Student,729000,616,17-05-2022
C1449,Female,22,Mumbai,Teacher,631000,585,17-03-2022
C1450,Male,55,Chennai,Student,608000,661,10-03-2021
C1451,Female,62,Hyderabad,Business Owner,1652000,580,13-03-2025
C1452,Male,54,Ahmedabad,Business Owner,1472000,645,22-11-2021
C1453,Female,50,Chennai,Engineer,1113000,697,01-11-2025
C1454,Female,33,Jaipur,Data Analyst,1058000,618,08-03-2021
C1455,Male,33,Jaipur,Sales Executive,355000,637,31-10-2021
C1456,Male,38,Delhi,Doctor,1618000,653,30-08-2023
C1457,Male,52,Kochi,Accountant,1057000,638,29-04-2022
C1458,Male,52,Pune,Accountant,1171000,690,18-07-2023
C1459,Female,55,Pune,Accountant,962000,595,21-04-2025
C1460,Male,59,Hyderabad,Engineer,1400000,711,11-12-2024
C1461,Female,49,Mysuru,Teacher,1041000,659,28-03-2024
C1462,Male,49,Kochi,Consultant,1292000,728,29-05-2021
C1463,Female,64,Delhi,Software Developer,1401000,686,17-11-2023
C1464,Male,36,Bengaluru,Software Developer,1110000,613,14-09-2023
C1465,Female,64,Coimbatore,Engineer,1308000,750,07-08-2022
C1466,Female,30,Kolkata,Doctor,1691000,649,05-09-2021
C1467,Female,50,Chennai,Sales Executive,707000,629,30-01-2024
C1468,Male,45,Kochi,Engineer,1275000,713,03-12-2022
C1469,Male,59,Kolkata,Software Developer,1312000,588,06-04-2021
C1470,Male,40,Bengaluru,Teacher,578000,697,08-11-2024
C1471,Male,25,Ahmedabad,Consultant,1113000,609,09-10-2021
C1472,Female,21,Delhi,Manager,1248000,648,18-11-2021
C1473,Female,50,Kolkata,Doctor,1821000,713,20-11-2024
C1474,Female,23,Coimbatore,Consultant,1102000,659,25-07-2024
C1475,Male,65,Delhi,Manager,1815000,735,13-06-2022
C1476,Female,34,Delhi,Sales Executive,757000,570,20-09-2021
C1477,Female,50,Kochi,Student,554000,663,01-07-2025
C1478,Male,24,Jaipur,Data Analyst,848000,683,03-08-2022
C1479,Male,38,Mumbai,Data Analyst,1187000,712,22-07-2025
C1480,Female,57,Hyderabad,Software Developer,1484000,610,09-08-2024
C1481,Male,45,Pune,Teacher,840000,580,21-10-2021
C1482,Male,21,Delhi,Designer,661000,621,20-06-2025
C1483,Male,35,Coimbatore,Doctor,1611000,627,30-01-2022
C1484,Male,29,Kochi,Software Developer,1030000,575,28-05-2022
C1485,Female,35,Kochi,Consultant,1133000,645,10-07-2023
C1486,Female,44,Kolkata,Accountant,806000,655,21-03-2023
C1487,Female,24,Kolkata,Software Developer,1032000,783,18-04-2024
C1488,Female,32,Chennai,Teacher,556000,655,09-07-2023
C1489,Female,57,Delhi,Doctor,1905000,784,24-11-2022
C1490,Male,57,Mumbai,Consultant,1182000,663,23-08-2021
C1491,Female,63,Hyderabad,Engineer,1234000,693,10-08-2023
C1492,Female,26,Hyderabad,Data Analyst,1044000,651,29-01-2026
C1493,Male,59,Mysuru,Business Owner,1500000,803,22-09-2024
C1494,Male,44,Ahmedabad,Data Analyst,1199000,635,29-10-2023
C1495,Male,31,Ahmedabad,Manager,1074000,634,06-01-2025
C1496,Female,33,Chennai,Business Owner,1389000,712,19-05-2026
C1497,Male,54,Pune,Teacher,862000,657,23-06-2022
C1498,Male,45,Ahmedabad,Designer,900000,630,31-03-2023
C1499,Male,27,Bengaluru,Manager,1131000,705,09-08-2025
C1500,Female,24,Chennai,Software Developer,839000,644,20-01-2024
C1501,Male,28,Hyderabad,Accountant,803000,642,21-02-2026
C1502,Male,40,Hyderabad,Student,586000,643,29-09-2021
C1503,Female,49,Mysuru,Consultant,1295000,593,01-02-2026
C1504,Male,65,Mumbai,Software Developer,1543000,613,26-10-2023
C1505,Female,30,Kochi,Designer,853000,696,06-06-2025
C1506,Female,63,Bengaluru,Business Owner,1645000,660,07-04-2026
C1507,Male,54,Pune,Software Developer,1215000,661,27-05-2024
C1508,Female,46,Kolkata,Software Developer,1443000,752,16-02-2024
C1509,Male,61,Chennai,Engineer,1235000,664,16-08-2022
C1510,Male,23,Ahmedabad,Student,180000,600,03-09-2023
C1511,Male,26,Jaipur,Software Developer,1209000,707,25-05-2025
C1512,Male,25,Mysuru,Software Developer,1073000,632,25-04-2021
C1513,Female,25,Mysuru,Sales Executive,531000,683,20-09-2021
C1514,Male,43,Mumbai,Teacher,650000,675,22-08-2024
C1515,Male,29,Mysuru,Engineer,994000,737,05-08-2025
C1516,Male,55,Hyderabad,Engineer,1558000,655,16-12-2024
C1517,Female,40,Mysuru,Software Developer,1286000,732,26-07-2021
C1518,Female,62,Jaipur,Software Developer,1504000,708,05-07-2025
C1519,Male,55,Chennai,Manager,1547000,625,30-10-2021
C1520,Female,38,Delhi,Software Developer,1117000,545,22-04-2021
C1521,Female,37,Pune,Software Developer,1103000,625,11-12-2024
C1522,Male,44,Delhi,Consultant,1236000,681,28-04-2025
C1523,Male,23,Chennai,Manager,1031000,676,26-02-2026
C1524,Male,52,Delhi,Doctor,1782000,695,01-08-2024
C1525,Male,55,Pune,Accountant,967000,651,22-07-2025
C1526,Male,58,Coimbatore,Teacher,917000,645,04-07-2021
C1527,Female,33,Kochi,Business Owner,1263000,716,31-10-2025
C1528,Male,45,Chennai,Business Owner,1469000,616,20-06-2023
C1529,Male,29,Jaipur,Teacher,607000,645,09-08-2021
C1530,Male,24,Delhi,Sales Executive,520000,592,03-03-2026
C1531,Male,34,Pune,Engineer,1141000,622,07-01-2025
C1532,Male,57,Ahmedabad,Student,643000,688,15-02-2024
C1533,Female,54,Kolkata,Software Developer,1613000,644,30-12-2023
C1534,Male,31,Pune,Student,364000,614,17-06-2023
C1535,Female,61,Mumbai,Manager,1478000,769,30-12-2023
C1536,Male,23,Kolkata,Student,412000,660,14-09-2022
C1537,Male,48,Ahmedabad,Engineer,1116000,641,03-03-2022
C1538,Male,49,Bengaluru,Accountant,651000,619,06-10-2022
C1539,Female,29,Jaipur,Business Owner,1248000,613,22-07-2022
C1540,Male,23,Hyderabad,Consultant,1020000,715,19-03-2022
C1541,Male,45,Ahmedabad,Accountant,1083000,705,24-08-2022
C1542,Male,54,Kochi,Accountant,890000,680,06-03-2024
C1543,Male,32,Kolkata,Doctor,1544000,721,19-05-2022
C1544,Male,62,Kochi,Data Analyst,1496000,647,11-05-2021
C1545,Male,29,Kolkata,Business Owner,1295000,602,06-08-2021
C1546,Male,35,Mumbai,Software Developer,1099000,686,19-11-2022
C1547,Female,60,Bengaluru,Designer,1029000,697,20-06-2021
C1548,Male,45,Hyderabad,Consultant,1332000,746,07-02-2025
C1549,Male,25,Coimbatore,Designer,696000,629,04-09-2022
C1550,Male,31,Mumbai,Software Developer,980000,638,19-09-2023
C1551,Female,54,Ahmedabad,Sales Executive,762000,631,27-02-2024
C1552,Female,44,Kochi,Student,380000,651,26-02-2021
C1553,Male,35,Kolkata,Manager,1101000,648,19-04-2024
C1554,Female,58,Ahmedabad,Manager,1608000,686,03-09-2021
C1555,Male,28,Mysuru,Teacher,682000,675,24-05-2021
C1556,Male,25,Pune,Student,362000,592,11-12-2023
C1557,Female,46,Bengaluru,Business Owner,1453000,743,03-01-2022
C1558,Male,38,Coimbatore,Engineer,977000,682,22-01-2025
C1559,Female,26,Jaipur,Teacher,535000,546,06-08-2021
C1560,Female,57,Pune,Sales Executive,1007000,632,08-09-2022
C1561,Female,33,Coimbatore,Sales Executive,378000,530,03-04-2026
C1562,Male,48,Kochi,Designer,914000,641,10-05-2025
C1563,Male,25,Bengaluru,Manager,994000,632,04-07-2024
C1564,Male,33,Bengaluru,Data Analyst,1159000,701,25-02-2026
C1565,Male,37,Ahmedabad,Software Developer,1087000,620,25-03-2024
C1566,Male,60,Pune,Software Developer,1224000,685,08-05-2025
C1567,Male,65,Ahmedabad,Engineer,1357000,700,18-03-2022
C1568,Male,52,Ahmedabad,Doctor,1780000,709,21-04-2023
C1569,Female,49,Mysuru,Software Developer,1221000,718,14-08-2023
C1570,Male,23,Ahmedabad,Doctor,1421000,771,30-11-2022
C1571,Male,60,Kochi,Sales Executive,836000,651,26-05-2023
C1572,Male,54,Kolkata,Doctor,1933000,725,13-08-2025
C1573,Female,60,Kolkata,Sales Executive,947000,612,15-02-2023
C1574,Female,47,Kochi,Manager,1340000,628,01-02-2023
C1575,Female,33,Hyderabad,Data Analyst,864000,694,03-08-2023
C1576,Male,65,Jaipur,Teacher,1010000,696,08-01-2026
C1577,Female,53,Coimbatore,Engineer,1217000,621,12-07-2023
C1578,Female,26,Mumbai,Teacher,598000,574,24-07-2023
C1579,Male,44,Mysuru,Manager,1347000,645,13-10-2025
C1580,Male,39,Jaipur,Engineer,907000,644,25-01-2021
C1581,Male,36,Kochi,Software Developer,844000,628,17-03-2023
C1582,Female,60,Delhi,Teacher,1186000,672,20-02-2026
C1583,Male,48,Mumbai,Designer,819000,686,15-08-2025
C1584,Male,53,Hyderabad,Student,350000,640,09-04-2025
C1585,Male,61,Chennai,Consultant,1498000,707,03-02-2023
C1586,Male,33,Mumbai,Software Developer,891000,539,20-12-2023
C1587,Male,63,Bengaluru,Student,609000,561,30-01-2025
C1588,Male,65,Kochi,Student,796000,608,10-03-2022
C1589,Female,45,Mysuru,Manager,1553000,657,29-05-2023
C1590,Male,62,Chennai,Designer,1191000,703,26-12-2023
C1591,Female,56,Jaipur,Teacher,869000,608,29-06-2023
C1592,Female,47,Coimbatore,Designer,958000,683,19-07-2022
C1593,Male,58,Coimbatore,Sales Executive,679000,602,06-05-2026
C1594,Female,27,Chennai,Engineer,820000,591,16-04-2021
C1595,Female,25,Coimbatore,Business Owner,1146000,611,06-04-2021
C1596,Female,63,Mysuru,Designer,1174000,766,08-09-2025
C1597,Male,65,Kochi,Software Developer,1713000,658,24-04-2025
C1598,Female,51,Jaipur,Accountant,730000,671,17-06-2021
C1599,Female,43,Coimbatore,Designer,867000,578,11-02-2021
C1600,Female,62,Kochi,Accountant,874000,712,18-03-2026
C1601,Female,30,Pune,Software Developer,1000000,671,14-04-2021
C1602,Male,52,Delhi,Accountant,870000,660,12-02-2026
C1603,Male,63,Hyderabad,Software Developer,1277000,689,12-05-2024
C1604,Female,50,Hyderabad,Business Owner,1610000,712,04-06-2022
C1605,Male,59,Bengaluru,Engineer,1289000,707,22-06-2026
C1606,Male,51,Delhi,Manager,1508000,656,09-10-2021
C1607,Female,38,Delhi,Business Owner,1292000,641,16-04-2026
C1608,Male,56,Bengaluru,Consultant,1414000,680,03-12-2023
C1609,Male,22,Jaipur,Manager,1291000,702,05-08-2023
C1610,Female,34,Mysuru,Accountant,758000,639,08-02-2024
C1611,Female,33,Bengaluru,Manager,1293000,706,18-05-2024
C1612,Male,49,Jaipur,Software Developer,1214000,695,19-01-2023
C1613,Male,32,Bengaluru,Accountant,820000,635,07-03-2026
C1614,Male,59,Mumbai,Software Developer,1342000,595,11-04-2023
C1615,Male,22,Mumbai,Sales Executive,272000,592,18-02-2021
C1616,Female,52,Pune,Engineer,1173000,743,25-04-2021
C1617,Female,33,Kolkata,Doctor,1540000,700,24-03-2024
C1618,Female,47,Mysuru,Manager,1169000,636,31-07-2025
C1619,Female,61,Bengaluru,Business Owner,1655000,702,18-05-2022
C1620,Female,37,Delhi,Engineer,887000,679,30-08-2025
C1621,Male,60,Mumbai,Accountant,1441000,650,31-01-2026
C1622,Male,51,Ahmedabad,Manager,1236000,724,01-10-2025
C1623,Female,54,Jaipur,Consultant,1252000,691,13-09-2023
C1624,Female,44,Mumbai,Teacher,882000,599,12-03-2021
C1625,Female,65,Mumbai,Accountant,1114000,700,09-10-2023
C1626,Male,55,Kochi,Business Owner,1662000,673,23-03-2025
C1627,Male,26,Jaipur,Manager,1158000,656,02-10-2025
C1628,Male,39,Hyderabad,Accountant,748000,595,21-09-2024
C1629,Female,50,Chennai,Accountant,785000,672,08-03-2021
C1630,Female,27,Mysuru,Data Analyst,1053000,651,25-02-2025
C1631,Female,30,Jaipur,Engineer,755000,672,01-08-2025
C1632,Female,61,Pune,Software Developer,1499000,658,13-11-2025
C1633,Female,52,Kochi,Software Developer,1434000,649,25-08-2023
C1634,Male,54,Coimbatore,Business Owner,1533000,651,21-05-2024
C1635,Female,48,Jaipur,Manager,1340000,692,30-06-2021
C1636,Male,35,Jaipur,Software Developer,1002000,624,25-11-2025
C1637,Male,50,Kolkata,Sales Executive,856000,638,05-09-2022
C1638,Male,57,Coimbatore,Engineer,868000,624,02-03-2026
C1639,Male,49,Kochi,Student,624000,654,11-06-2025
C1640,Male,42,Jaipur,Manager,1318000,594,28-11-2022
C1641,Female,24,Chennai,Teacher,523000,640,26-08-2022
C1642,Female,40,Chennai,Engineer,1059000,736,05-09-2021
C1643,Female,52,Coimbatore,Manager,1259000,725,22-05-2024
C1644,Male,56,Ahmedabad,Teacher,632000,607,25-12-2021
C1645,Male,24,Kochi,Sales Executive,556000,653,06-09-2021
C1646,Male,47,Hyderabad,Accountant,1072000,672,30-09-2022
C1647,Male,37,Jaipur,Sales Executive,435000,690,01-05-2026
C1648,Male,32,Kolkata,Software Developer,958000,540,08-08-2023
C1649,Male,42,Kolkata,Consultant,1344000,724,20-03-2026
C1650,Female,37,Delhi,Manager,1287000,659,20-03-2025
C1651,Male,30,Hyderabad,Consultant,1466000,647,17-01-2024
C1652,Male,21,Kolkata,Software Developer,1129000,627,25-10-2022
C1653,Female,42,Mysuru,Manager,1404000,619,25-06-2021
C1654,Male,46,Mysuru,Business Owner,1360000,647,24-12-2022
C1655,Female,38,Chennai,Consultant,1269000,621,02-03-2022
C1656,Female,34,Coimbatore,Teacher,837000,654,30-11-2025
C1657,Female,49,Delhi,Sales Executive,768000,669,15-06-2025
C1658,Male,32,Bengaluru,Engineer,920000,639,10-02-2023
C1659,Female,56,Kolkata,Student,639000,703,02-05-2026
C1660,Female,55,Pune,Sales Executive,780000,618,04-12-2022
C1661,Male,32,Kochi,Student,366000,606,22-03-2021
C1662,Female,27,Kolkata,Business Owner,1253000,648,16-07-2023
C1663,Male,49,Mumbai,Doctor,1966000,735,18-05-2021
C1664,Male,31,Coimbatore,Designer,749000,673,27-12-2024
C1665,Female,53,Hyderabad,Software Developer,1417000,700,15-04-2022
C1666,Male,26,Mumbai,Accountant,643000,630,16-12-2021
C1667,Male,35,Ahmedabad,Manager,1297000,611,24-02-2024
C1668,Female,52,Kolkata,Consultant,1344000,660,20-03-2026
C1669,Female,31,Bengaluru,Software Developer,1141000,729,25-04-2026
C1670,Female,43,Mumbai,Manager,1403000,723,07-03-2026
C1671,Female,46,Mumbai,Student,374000,634,25-08-2024
C1672,Male,54,Hyderabad,Engineer,1330000,656,22-02-2026
C1673,Female,54,Delhi,Sales Executive,828000,645,07-06-2024
C1674,Female,49,Bengaluru,Engineer,1082000,642,23-01-2025
C1675,Female,24,Coimbatore,Teacher,465000,679,30-09-2024
C1676,Male,37,Mumbai,Engineer,1030000,619,06-11-2021
C1677,Male,55,Mysuru,Engineer,1209000,708,31-05-2026
C1678,Male,33,Jaipur,Sales Executive,640000,611,10-11-2023
C1679,Male,61,Bengaluru,Teacher,1029000,716,20-03-2026
C1680,Male,59,Jaipur,Doctor,1981000,728,04-05-2025
C1681,Female,35,Kolkata,Software Developer,1453000,646,29-09-2023
C1682,Male,49,Mumbai,Accountant,943000,638,29-07-2025
C1683,Male,49,Mumbai,Accountant,850000,679,14-04-2025
C1684,Male,31,Chennai,Teacher,380000,598,03-05-2025
C1685,Female,52,Chennai,Teacher,731000,641,09-02-2025
C1686,Female,22,Hyderabad,Sales Executive,648000,613,26-09-2021
C1687,Male,34,Coimbatore,Teacher,744000,720,24-10-2023
C1688,Female,40,Kochi,Business Owner,1218000,754,09-02-2023
C1689,Male,42,Kochi,Data Analyst,1400000,743,16-01-2021
C1690,Female,31,Coimbatore,Student,361000,614,29-08-2022
C1691,Female,47,Delhi,Doctor,1819000,682,13-10-2024
C1692,Male,23,Hyderabad,Business Owner,1469000,646,28-07-2025
C1693,Female,37,Kochi,Data Analyst,1253000,738,24-03-2023
C1694,Male,64,Hyderabad,Designer,1262000,711,06-02-2026
C1695,Male,48,Mumbai,Data Analyst,1276000,714,02-03-2024
C1696,Male,49,Chennai,Student,649000,624,28-08-2024
C1697,Female,41,Chennai,Doctor,1663000,612,14-06-2026
C1698,Female,36,Chennai,Software Developer,1166000,595,27-04-2022
C1699,Male,57,Mysuru,Student,703000,641,14-06-2023
C1700,Male,40,Mysuru,Teacher,715000,616,17-04-2025
C1701,Female,26,Kochi,Sales Executive,396000,593,21-08-2024
C1702,Male,39,Bengaluru,Sales Executive,636000,651,26-09-2021
C1703,Female,25,Pune,Sales Executive,381000,667,18-02-2022
C1704,Female,23,Mysuru,Engineer,858000,616,25-01-2021
C1705,Female,21,Mumbai,Student,180000,551,28-06-2026
C1706,Male,58,Kolkata,Doctor,1937000,676,12-11-2021
C1707,Male,35,Hyderabad,Sales Executive,424000,576,25-07-2022
C1708,Female,54,Chennai,Manager,1400000,704,26-12-2022
C1709,Male,55,Chennai,Student,670000,637,19-08-2025
C1710,Male,45,Chennai,Business Owner,1535000,769,05-10-2023
C1711,Female,44,Mumbai,Accountant,959000,686,24-01-2026
C1712,Female,32,Chennai,Software Developer,1122000,743,23-07-2024
C1713,Male,38,Delhi,Student,272000,552,08-05-2026
C1714,Female,35,Hyderabad,Doctor,1738000,549,24-01-2022
C1715,Male,64,Mumbai,Business Owner,1536000,695,23-12-2022
C1716,Female,36,Hyderabad,Student,513000,634,20-03-2022
C1717,Female,47,Jaipur,Accountant,989000,649,26-09-2023
C1718,Male,28,Ahmedabad,Software Developer,1199000,670,21-12-2024
C1719,Male,45,Mysuru,Accountant,893000,599,17-12-2023
C1720,Male,37,Coimbatore,Doctor,1546000,710,28-11-2022
C1721,Male,49,Delhi,Business Owner,1333000,706,29-08-2023
C1722,Male,28,Bengaluru,Engineer,744000,587,09-05-2025
C1723,Female,35,Bengaluru,Software Developer,924000,635,22-12-2022
C1724,Female,47,Pune,Data Analyst,1277000,657,03-01-2022
C1725,Male,27,Delhi,Consultant,1202000,636,19-05-2026
C1726,Female,23,Hyderabad,Engineer,916000,598,08-12-2021
C1727,Male,49,Bengaluru,Doctor,1784000,699,03-01-2026
C1728,Female,64,Ahmedabad,Sales Executive,1215000,679,19-02-2026
C1729,Female,44,Bengaluru,Software Developer,1216000,639,31-10-2021
C1730,Male,23,Chennai,Business Owner,1227000,618,03-02-2023
C1731,Male,40,Pune,Student,424000,642,29-10-2024
C1732,Male,35,Mumbai,Designer,779000,608,28-05-2026
C1733,Female,45,Kolkata,Consultant,1366000,661,27-03-2023
C1734,Male,50,Kolkata,Consultant,1274000,650,22-04-2021
C1735,Male,34,Bengaluru,Student,274000,671,28-05-2023
C1736,Male,27,Hyderabad,Business Owner,1306000,639,27-10-2023
C1737,Male,37,Coimbatore,Student,334000,696,19-07-2023
C1738,Male,64,Hyderabad,Engineer,1334000,707,04-12-2022
C1739,Male,40,Chennai,Sales Executive,639000,717,26-04-2023
C1740,Female,56,Bengaluru,Business Owner,1571000,716,02-08-2023
C1741,Female,29,Bengaluru,Accountant,617000,624,06-10-2021
C1742,Female,58,Kolkata,Data Analyst,1219000,626,17-01-2022
C1743,Female,42,Jaipur,Consultant,1156000,648,19-02-2026
C1744,Male,22,Bengaluru,Engineer,951000,719,13-01-2021
C1745,Male,44,Mumbai,Sales Executive,749000,639,30-10-2021
C1746,Female,28,Pune,Student,396000,652,29-04-2025
C1747,Female,31,Pune,Software Developer,1195000,675,29-06-2025
C1748,Female,33,Mumbai,Student,291000,627,09-06-2021
C1749,Male,37,Jaipur,Student,500000,640,03-06-2021
C1750,Male,28,Hyderabad,Manager,1134000,685,24-01-2023
C1751,Male,41,Kolkata,Teacher,723000,603,30-06-2021
C1752,Female,38,Pune,Data Analyst,1206000,654,30-03-2025
C1753,Female,50,Mysuru,Data Analyst,1266000,684,18-04-2024
C1754,Female,38,Mysuru,Teacher,664000,644,12-01-2022
C1755,Female,51,Delhi,Sales Executive,871000,627,02-01-2026
C1756,Female,58,Ahmedabad,Engineer,1094000,679,15-02-2023
C1757,Male,52,Kolkata,Student,604000,599,06-04-2024
C1758,Male,31,Jaipur,Teacher,442000,569,22-05-2024
C1759,Male,65,Delhi,Accountant,1012000,669,19-03-2024
C1760,Male,45,Bengaluru,Student,560000,577,16-01-2021
C1761,Male,53,Mumbai,Sales Executive,516000,641,20-01-2024
C1762,Female,58,Coimbatore,Teacher,1162000,576,18-02-2024
C1763,Male,61,Mysuru,Business Owner,1732000,663,03-06-2026
C1764,Female,28,Coimbatore,Doctor,1315000,658,10-09-2021
C1765,Male,31,Bengaluru,Engineer,1210000,594,20-12-2023
C1766,Female,42,Mysuru,Data Analyst,1425000,662,13-07-2024
C1767,Female,44,Chennai,Business Owner,1406000,731,03-12-2024
C1768,Female,61,Kochi,Doctor,1821000,643,31-01-2021
C1769,Female,37,Mumbai,Consultant,1396000,661,11-11-2023
C1770,Female,32,Delhi,Teacher,593000,709,01-01-2023
C1771,Female,52,Ahmedabad,Business Owner,1543000,637,05-06-2025
C1772,Male,35,Kochi,Doctor,1766000,760,16-10-2021
C1773,Female,36,Chennai,Consultant,1164000,651,16-04-2025
C1774,Female,42,Hyderabad,Sales Executive,675000,642,13-05-2022
C1775,Male,48,Chennai,Accountant,773000,701,05-11-2025
C1776,Female,40,Kochi,Student,354000,598,06-02-2025
C1777,Male,53,Pune,Data Analyst,1205000,695,29-11-2024
C1778,Male,30,Coimbatore,Accountant,561000,671,02-07-2022
C1779,Female,60,Kolkata,Teacher,832000,616,19-08-2023
C1780,Female,52,Jaipur,Doctor,1828000,666,12-05-2021
C1781,Male,53,Bengaluru,Consultant,1164000,654,09-09-2024
C1782,Female,22,Hyderabad,Sales Executive,395000,613,08-05-2023
C1783,Male,53,Coimbatore,Software Developer,1569000,638,01-03-2024
C1784,Female,53,Coimbatore,Manager,1395000,648,05-06-2022
C1785,Male,61,Jaipur,Accountant,1026000,520,30-01-2021
C1786,Female,33,Chennai,Software Developer,1054000,643,19-09-2022
C1787,Female,50,Ahmedabad,Software Developer,1260000,710,17-08-2024
C1788,Male,53,Coimbatore,Teacher,955000,578,04-01-2021
C1789,Male,33,Bengaluru,Software Developer,1157000,643,10-09-2024
C1790,Male,46,Hyderabad,Data Analyst,1105000,771,24-05-2022
C1791,Male,42,Coimbatore,Data Analyst,1078000,658,14-06-2024
C1792,Female,59,Coimbatore,Teacher,1116000,722,08-04-2025
C1793,Male,22,Jaipur,Consultant,869000,602,16-01-2021
C1794,Male,58,Bengaluru,Accountant,1039000,677,07-04-2025
C1795,Female,59,Bengaluru,Designer,1124000,609,24-09-2023
C1796,Female,46,Hyderabad,Doctor,1659000,709,27-05-2025
C1797,Male,35,Delhi,Consultant,1156000,701,14-01-2026
C1798,Female,54,Kolkata,Sales Executive,739000,668,09-01-2025
C1799,Male,62,Mysuru,Manager,1620000,674,07-03-2025
C1800,Female,64,Delhi,Doctor,1807000,712,14-08-2023
C1801,Male,60,Bengaluru,Consultant,1597000,701,07-06-2024
C1802,Female,31,Coimbatore,Software Developer,1063000,688,05-02-2024
C1803,Male,23,Mysuru,Teacher,496000,622,10-10-2025
C1804,Male,26,Kochi,Accountant,541000,672,13-11-2024
C1805,Female,29,Mumbai,Accountant,822000,710,10-10-2025
C1806,Female,26,Kochi,Engineer,784000,629,20-09-2021
C1807,Male,29,Hyderabad,Designer,608000,636,06-05-2025
C1808,Male,59,Bengaluru,Manager,1634000,649,25-12-2023
C1809,Female,51,Bengaluru,Business Owner,1403000,692,22-09-2021
C1810,Female,52,Coimbatore,Sales Executive,813000,660,23-09-2024
C1811,Female,61,Ahmedabad,Doctor,2030000,714,17-08-2024
C1812,Female,32,Kolkata,Designer,803000,650,13-01-2022
C1813,Female,28,Ahmedabad,Business Owner,1444000,766,13-04-2024
C1814,Female,28,Hyderabad,Software Developer,936000,522,21-08-2023
C1815,Female,48,Pune,Consultant,1301000,649,21-03-2024
C1816,Female,40,Delhi,Manager,1264000,654,21-04-2022
C1817,Female,27,Mysuru,Student,349000,685,13-07-2024
C1818,Male,31,Ahmedabad,Designer,927000,672,25-11-2021
C1819,Female,40,Hyderabad,Student,439000,647,20-06-2026
C1820,Female,36,Delhi,Manager,1215000,724,14-01-2026
C1821,Male,24,Hyderabad,Sales Executive,322000,610,01-04-2024
C1822,Male,26,Pune,Manager,1125000,691,14-03-2022
C1823,Male,42,Mysuru,Doctor,1626000,666,28-09-2024
C1824,Male,46,Kolkata,Sales Executive,826000,598,22-10-2024
C1825,Male,23,Kolkata,Software Developer,951000,733,28-01-2025
C1826,Male,61,Coimbatore,Consultant,1453000,697,09-11-2025
C1827,Female,62,Hyderabad,Sales Executive,769000,671,07-05-2024
C1828,Male,34,Ahmedabad,Consultant,941000,603,04-03-2025
C1829,Male,31,Kolkata,Manager,1395000,700,16-01-2021
C1830,Male,38,Mumbai,Consultant,1222000,747,19-01-2026
C1831,Female,32,Ahmedabad,Business Owner,1333000,661,12-08-2024
C1832,Male,43,Jaipur,Sales Executive,607000,577,18-05-2023
C1833,Female,32,Chennai,Software Developer,1189000,674,26-05-2022
C1834,Male,33,Hyderabad,Software Developer,1179000,618,17-12-2025
C1835,Male,45,Hyderabad,Data Analyst,1044000,587,11-09-2023
C1836,Female,65,Hyderabad,Accountant,1003000,622,16-06-2024
C1837,Female,39,Pune,Business Owner,1280000,648,04-08-2022
C1838,Male,56,Mysuru,Student,619000,590,17-08-2024
C1839,Female,65,Hyderabad,Doctor,2000000,770,06-01-2021
C1840,Female,28,Kolkata,Business Owner,1241000,753,28-05-2024
C1841,Male,49,Kolkata,Engineer,1294000,699,16-10-2023
C1842,Male,52,Chennai,Doctor,1738000,713,25-11-2025
C1843,Male,64,Chennai,Manager,1438000,673,16-01-2025
C1844,Female,38,Kochi,Engineer,1006000,615,27-12-2024
C1845,Male,26,Ahmedabad,Data Analyst,709000,711,18-03-2023
C1846,Male,38,Kolkata,Software Developer,1239000,665,09-03-2026
C1847,Female,39,Kolkata,Engineer,1030000,636,10-11-2024
C1848,Female,42,Pune,Business Owner,1363000,721,11-09-2022
C1849,Male,57,Kolkata,Software Developer,1337000,670,11-08-2024
C1850,Female,52,Kolkata,Consultant,1483000,726,16-02-2024
C1851,Male,61,Kochi,Student,787000,625,09-02-2022
C1852,Female,23,Mumbai,Accountant,620000,680,31-08-2025
C1853,Male,48,Kochi,Designer,1047000,702,24-09-2023
C1854,Female,30,Mumbai,Business Owner,1364000,735,22-11-2025
C1855,Female,55,Kochi,Business Owner,1600000,656,17-08-2022
C1856,Female,49,Kolkata,Designer,963000,649,20-07-2022
C1857,Female,35,Kochi,Data Analyst,1066000,746,22-01-2023
C1858,Male,53,Kolkata,Designer,911000,639,17-03-2026
C1859,Female,27,Kolkata,Engineer,883000,685,12-01-2021
C1860,Male,32,Chennai,Business Owner,1256000,772,17-05-2024
C1861,Female,50,Bengaluru,Engineer,1103000,577,14-06-2021
C1862,Female,41,Mumbai,Consultant,1035000,644,28-05-2023
C1863,Male,51,Jaipur,Manager,1289000,671,10-08-2024
C1864,Female,44,Ahmedabad,Consultant,1220000,586,19-04-2026
C1865,Female,40,Ahmedabad,Teacher,837000,626,23-03-2025
C1866,Male,57,Kochi,Teacher,968000,610,19-03-2021
C1867,Female,24,Bengaluru,Engineer,963000,692,28-12-2024
C1868,Male,48,Pune,Teacher,975000,576,20-05-2025
C1869,Female,64,Jaipur,Sales Executive,1008000,740,06-09-2022
C1870,Female,40,Ahmedabad,Teacher,747000,672,10-06-2026
C1871,Female,44,Delhi,Student,361000,572,19-05-2023
C1872,Male,52,Hyderabad,Student,812000,691,23-03-2023
C1873,Female,61,Delhi,Teacher,812000,672,28-12-2025
C1874,Female,56,Pune,Manager,1486000,680,03-09-2025
C1875,Female,54,Jaipur,Engineer,1298000,639,06-01-2024
C1876,Female,56,Ahmedabad,Software Developer,1474000,706,08-12-2023
C1877,Female,22,Kochi,Engineer,711000,645,06-02-2023
C1878,Female,35,Hyderabad,Accountant,720000,609,23-03-2021
C1879,Female,54,Mumbai,Doctor,1752000,636,03-04-2026
C1880,Female,56,Ahmedabad,Accountant,784000,605,11-10-2025
C1881,Female,26,Ahmedabad,Accountant,678000,615,28-07-2021
C1882,Male,59,Coimbatore,Teacher,872000,700,08-01-2025
C1883,Female,62,Mysuru,Manager,1725000,734,18-06-2026
C1884,Male,32,Pune,Consultant,1208000,646,08-06-2025
C1885,Male,23,Ahmedabad,Engineer,855000,629,06-06-2022
C1886,Male,65,Jaipur,Software Developer,1423000,723,19-11-2023
C1887,Female,38,Bengaluru,Consultant,1220000,679,20-08-2024
C1888,Male,60,Jaipur,Teacher,939000,663,21-09-2023
C1889,Male,41,Mumbai,Manager,1300000,640,10-04-2022
C1890,Male,35,Bengaluru,Teacher,898000,644,06-03-2025
C1891,Female,53,Ahmedabad,Doctor,1708000,694,09-01-2025
C1892,Male,55,Ahmedabad,Software Developer,1340000,670,20-09-2022
C1893,Female,46,Mysuru,Data Analyst,1237000,701,22-02-2025
C1894,Male,28,Hyderabad,Manager,1088000,694,20-02-2023
C1895,Male,56,Ahmedabad,Doctor,2062000,672,22-12-2024
C1896,Female,50,Kolkata,Student,631000,612,13-07-2022
C1897,Female,43,Mumbai,Sales Executive,630000,604,14-10-2024
C1898,Male,62,Chennai,Accountant,1118000,724,18-08-2023
C1899,Male,64,Kochi,Consultant,1433000,780,01-04-2021
C1900,Male,34,Hyderabad,Data Analyst,912000,629,13-12-2023
C1901,Female,34,Delhi,Doctor,1591000,680,20-10-2025
C1902,Female,22,Bengaluru,Consultant,1202000,704,10-05-2023
C1903,Male,57,Chennai,Teacher,1023000,624,01-06-2025
C1904,Male,25,Kochi,Accountant,647000,675,12-05-2024
C1905,Female,58,Ahmedabad,Software Developer,1490000,681,10-07-2022
C1906,Female,65,Coimbatore,Accountant,1162000,585,05-06-2021
C1907,Male,61,Jaipur,Sales Executive,792000,585,02-01-2021
C1908,Female,34,Kolkata,Sales Executive,591000,617,12-10-2024
C1909,Male,59,Coimbatore,Consultant,1449000,735,05-04-2023
C1910,Female,45,Mysuru,Consultant,1381000,636,12-05-2025
C1911,Male,40,Bengaluru,Accountant,762000,618,13-03-2023
C1912,Male,22,Bengaluru,Accountant,540000,639,10-09-2023
C1913,Male,59,Bengaluru,Software Developer,1403000,602,18-12-2023
C1914,Female,26,Mumbai,Business Owner,1135000,676,01-07-2024
C1915,Male,37,Bengaluru,Business Owner,1305000,602,18-04-2024
C1916,Male,45,Hyderabad,Designer,930000,677,08-05-2022
C1917,Female,48,Kochi,Doctor,1730000,659,31-10-2022
C1918,Male,22,Jaipur,Accountant,766000,600,25-11-2023
C1919,Male,55,Coimbatore,Accountant,1180000,677,16-03-2021
C1920,Male,57,Hyderabad,Manager,1588000,723,02-08-2023
C1921,Female,25,Hyderabad,Consultant,837000,663,05-08-2024
C1922,Female,21,Kolkata,Software Developer,923000,660,06-01-2022
C1923,Female,60,Mysuru,Accountant,1049000,668,10-08-2022
C1924,Female,32,Jaipur,Student,180000,627,25-11-2021
C1925,Male,56,Kolkata,Business Owner,1467000,701,13-08-2022
C1926,Female,65,Bengaluru,Data Analyst,1357000,657,26-11-2025
C1927,Female,43,Bengaluru,Manager,1262000,699,16-02-2023
C1928,Female,51,Hyderabad,Student,563000,595,31-10-2021
C1929,Male,31,Hyderabad,Engineer,756000,691,02-08-2022
C1930,Male,30,Bengaluru,Student,255000,649,09-08-2021
C1931,Male,23,Pune,Student,268000,713,06-09-2023
C1932,Female,34,Kochi,Business Owner,1309000,695,02-04-2024
C1933,Male,36,Mumbai,Designer,886000,690,12-02-2025
C1934,Male,30,Mysuru,Student,357000,549,18-01-2025
C1935,Female,49,Chennai,Student,489000,669,10-01-2022
C1936,Male,30,Ahmedabad,Consultant,1124000,715,28-05-2024
C1937,Female,32,Delhi,Software Developer,988000,722,04-09-2025
C1938,Female,50,Jaipur,Software Developer,1268000,675,01-07-2024
C1939,Male,61,Kolkata,Business Owner,1505000,667,12-10-2025
C1940,Female,21,Jaipur,Data Analyst,1028000,608,07-07-2021
C1941,Female,25,Bengaluru,Doctor,1467000,636,29-04-2024
C1942,Female,40,Chennai,Sales Executive,808000,643,13-11-2024
C1943,Female,28,Coimbatore,Student,323000,539,23-05-2024
C1944,Female,63,Delhi,Manager,1450000,645,30-10-2024
C1945,Female,32,Hyderabad,Sales Executive,614000,638,15-01-2024
C1946,Male,21,Hyderabad,Student,347000,622,19-04-2022
C1947,Female,40,Mysuru,Doctor,1671000,648,30-06-2025
C1948,Female,48,Coimbatore,Software Developer,1285000,615,24-04-2023
C1949,Female,63,Kolkata,Business Owner,1590000,639,06-01-2026
C1950,Female,57,Kochi,Consultant,1437000,669,15-06-2022
C1951,Male,57,Mysuru,Doctor,1913000,801,07-12-2023
C1952,Male,32,Ahmedabad,Manager,1115000,709,25-12-2023
C1953,Female,57,Mysuru,Engineer,1104000,670,21-08-2023
C1954,Male,64,Kochi,Consultant,1673000,717,20-04-2022
C1955,Female,48,Chennai,Student,598000,679,15-03-2024
C1956,Female,35,Coimbatore,Consultant,1104000,691,04-08-2023
C1957,Female,26,Kochi,Designer,738000,627,27-12-2025
C1958,Female,64,Kolkata,Student,541000,592,06-11-2024
C1959,Male,40,Delhi,Sales Executive,443000,619,26-12-2023
C1960,Male,34,Delhi,Sales Executive,738000,686,01-06-2022
C1961,Female,22,Delhi,Student,278000,603,22-01-2024
C1962,Female,29,Coimbatore,Manager,1142000,613,04-03-2026
C1963,Male,57,Hyderabad,Engineer,1262000,592,02-03-2022
C1964,Male,40,Pune,Business Owner,1767000,692,31-01-2025
C1965,Female,46,Chennai,Accountant,1006000,609,23-01-2024
C1966,Male,49,Ahmedabad,Data Analyst,1063000,639,30-06-2025
C1967,Female,21,Coimbatore,Teacher,348000,685,13-05-2021
C1968,Male,55,Chennai,Designer,1187000,663,28-12-2024
C1969,Male,26,Mysuru,Sales Executive,615000,600,26-09-2024
C1970,Male,57,Coimbatore,Student,703000,653,10-11-2021
C1971,Male,25,Chennai,Doctor,1402000,764,14-08-2022
C1972,Female,53,Kochi,Engineer,1230000,662,20-05-2024
C1973,Female,34,Mumbai,Engineer,871000,542,24-03-2025
C1974,Male,32,Coimbatore,Teacher,714000,669,06-10-2023
C1975,Female,62,Mysuru,Engineer,1412000,693,08-06-2021
C1976,Male,40,Mysuru,Engineer,965000,657,15-07-2024
C1977,Male,44,Chennai,Sales Executive,864000,638,23-10-2022
C1978,Female,63,Coimbatore,Consultant,1520000,647,01-03-2026
C1979,Female,54,Kolkata,Data Analyst,1307000,740,05-06-2026
C1980,Female,45,Mumbai,Software Developer,1083000,577,15-06-2025
C1981,Male,49,Pune,Business Owner,1516000,669,18-01-2023
C1982,Female,59,Kolkata,Engineer,1177000,650,06-02-2025
C1983,Female,51,Chennai,Sales Executive,869000,686,12-03-2023
C1984,Female,63,Jaipur,Doctor,2132000,773,14-02-2022
C1985,Female,43,Hyderabad,Doctor,1751000,686,06-02-2025
C1986,Male,64,Kochi,Doctor,1860000,711,11-10-2024
C1987,Male,58,Bengaluru,Engineer,1321000,685,11-11-2022
C1988,Male,40,Ahmedabad,Manager,1328000,720,01-05-2024
C1989,Male,43,Ahmedabad,Consultant,1513000,730,19-09-2025
C1990,Male,65,Kolkata,Manager,1610000,664,18-07-2024
C1991,Male,36,Ahmedabad,Software Developer,1062000,678,24-04-2021
C1992,Male,62,Mumbai,Accountant,1186000,682,16-06-2023
C1993,Female,28,Delhi,Accountant,671000,632,27-03-2025
C1994,Male,41,Jaipur,Sales Executive,702000,655,15-12-2023
C1995,Male,21,Bengaluru,Teacher,439000,625,29-11-2025
C1996,Male,28,Ahmedabad,Teacher,571000,639,06-03-2021
C1997,Male,49,Ahmedabad,Manager,1392000,616,15-11-2022
C1998,Female,52,Kolkata,Manager,1409000,636,19-07-2024
C1999,Male,58,Mysuru,Business Owner,1525000,721,06-03-2025
C2000,Male,25,Chennai,Business Owner,1235000,613,13-08-2025
